"","E0","sim_start","int_start1","int_length2","sd_m1","sd_m2","int_start2","int_length1","beta0est","paramset","iso_start","log_lik","R0_base","R0_int"
"1",3,2020-02-11,2020-03-07,77,0.8501953125,0.29365234375,2020-03-17,10,1.15208323778859,1,2020-06-02,-25.2895103239946,3.60026011808934,1.05722482178659
"2",7,2020-02-25,2020-03-02,107,0.7001953125,0.16865234375,2020-03-17,15,0.38895140009039,2,2020-07-02,-186.203806446662,1.21547312528247,0.204992391344026
"3",8,2020-02-05,2020-03-05,62,0.6251953125,0.23115234375,2020-03-17,12,0.943815900808641,3,2020-05-18,-26.746718386813,2.949424690027,0.681766429813859
"4",5,2020-02-18,2020-03-09,92,0.7751953125,0.10615234375,2020-03-17,8,1.47611532571063,4,2020-06-17,-25.6416381007926,4.61286039284573,0.48966594209212
"5",6,2020-02-01,2020-03-01,84,0.6626953125,0.07490234375,2020-03-17,16,0.966655221799199,5,2020-06-09,-28.1765534470496,3.0207975681225,0.226264817846675
"6",9,2020-02-15,2020-03-06,114,0.8126953125,0.19990234375,2020-03-17,11,1.13989891015777,6,2020-07-09,-25.4408311562126,3.56218409424302,0.712088949308151
"7",7,2020-02-08,2020-03-08,69,0.8876953125,0.13740234375,2020-03-17,9,0.968581659131268,7,2020-05-25,-26.4691337084439,3.02681768478521,0.415891843993437
"8",4,2020-02-22,2020-03-04,99,0.7376953125,0.26240234375,2020-03-17,13,1.73018034853007,8,2020-06-24,-24.4250490688083,5.40681358915646,1.418760558014
"9",4,2020-02-03,2020-03-10,118,0.6814453125,0.24677734375,2020-03-17,7,0.946328838054417,9,2020-07-13,-26.3168247463029,2.95727761892005,0.729789115528416
"10",8,2020-02-17,2020-03-05,88,0.8314453125,0.12177734375,2020-03-17,12,1.28945485538195,10,2020-06-13,-25.5992300713898,4.02954642306858,0.490707459918606
"11",10,2020-02-10,2020-03-03,103,0.7564453125,0.18427734375,2020-03-17,14,1.026198364418,11,2020-06-28,-26.0280087108448,3.20686988880625,0.590953464861074
"12",6,2020-02-23,2020-03-07,73,0.6064453125,0.05927734375,2020-03-17,10,2.00381095874197,12,2020-05-29,-25.6330852028195,6.26190924606865,0.371189346910515
"13",5,2020-02-06,2020-03-04,111,0.7939453125,0.09052734375,2020-03-17,13,1.03601491085249,13,2020-07-06,-27.093717496814,3.23754659641403,0.293086493640216
"14",9,2020-02-20,2020-03-09,81,0.6439453125,0.21552734375,2020-03-17,8,1.40397991332228,14,2020-06-06,-24.552885832914,4.38743722913213,0.945612691864708
"15",7,2020-01-31,2020-03-06,96,0.7189453125,0.15302734375,2020-03-17,11,0.879991535570879,15,2020-06-21,-27.8877695813915,2.749973548659,0.420821147534048
"16",3,2020-02-13,2020-03-02,66,0.8689453125,0.27802734375,2020-03-17,15,1.26347554932442,16,2020-05-22,-24.8925895798495,3.94836109163881,1.09775234647419
"17",4,2020-01-30,2020-03-05,68,0.7845703125,0.20771484375,2020-03-17,12,0.907274963401038,17,2020-05-24,-27.0307536657559,2.83523426062824,0.588920241441042
"18",7,2020-02-12,2020-03-10,98,0.6345703125,0.08271484375,2020-03-17,7,1.1477040066911,18,2020-06-23,-26.8074132779871,3.5865750209097,0.296662992452198
"19",9,2020-02-06,2020-03-08,83,0.7095703125,0.27021484375,2020-03-17,9,0.91708150610345,19,2020-06-08,-26.4812292305306,2.86587970657328,0.774403237117995
"20",5,2020-02-19,2020-03-03,113,0.8595703125,0.14521484375,2020-03-17,14,1.50551079472532,20,2020-07-08,-25.2187484605086,4.70472123351663,0.683195358812424
"21",6,2020-02-09,2020-03-09,60,0.7470703125,0.11396484375,2020-03-17,8,1.03167625884833,21,2020-05-16,-26.7761566943262,3.22398830890104,0.367421323875734
"22",10,2020-02-22,2020-03-04,90,0.8970703125,0.23896484375,2020-03-17,13,1.35857614563586,22,2020-06-15,-24.2876737287551,4.24555045511207,1.0145373011386
"23",8,2020-02-02,2020-03-02,75,0.8220703125,0.05146484375,2020-03-17,15,0.862718332236377,23,2020-05-31,-28.1399735652184,2.69599478823868,0.138748950527518
"24",5,2020-02-16,2020-03-07,105,0.6720703125,0.17646484375,2020-03-17,10,1.37757096092543,24,2020-06-30,-25.4958287815779,4.30490925289197,0.759665138669511
"25",4,2020-02-07,2020-03-03,94,0.6158203125,0.19208984375,2020-03-17,14,1.1913874001929,25,2020-06-19,-26.6968567378147,3.72308562560283,0.715166936089918
"26",8,2020-02-21,2020-03-07,64,0.7658203125,0.06708984375,2020-03-17,10,1.58628559181897,26,2020-05-20,-25.6457172238386,4.95714247443429,0.332573914056285
"27",9,2020-01-31,2020-03-09,109,0.8408203125,0.25458984375,2020-03-17,8,0.792667677700917,27,2020-07-04,-26.7046321036083,2.47708649281537,0.630641063161099
"28",6,2020-02-14,2020-03-05,79,0.6908203125,0.12958984375,2020-03-17,12,1.29454960003367,28,2020-06-04,-25.9456138505637,4.04546750010522,0.524251501234339
"29",5,2020-02-04,2020-03-06,101,0.8783203125,0.16083984375,2020-03-17,11,0.950932374946463,29,2020-06-26,-26.7084286421472,2.9716636717077,0.477961920635017
"30",9,2020-02-17,2020-03-02,71,0.7283203125,0.28583984375,2020-03-17,15,1.25777311607988,30,2020-05-27,-24.6822273587124,3.93054098774961,1.12350522179132
"31",7,2020-02-11,2020-03-04,116,0.6533203125,0.09833984375,2020-03-17,13,1.1848918074852,31,2020-07-11,-27.0412223539994,3.70278689839125,0.364131485027343
"32",3,2020-02-24,2020-03-08,86,0.8033203125,0.22333984375,2020-03-17,9,1.92178965679966,32,2020-06-11,-24.5008416427334,6.00559267749895,1.34128813021876
"33",3,2020-02-04,2020-03-03,112,0.7142578125,0.14130859375,2020-03-17,14,1.13115834878361,33,2020-07-07,-27.0188868056094,3.53486983994879,0.499507486172451
"34",7,2020-02-18,2020-03-08,82,0.8642578125,0.26630859375,2020-03-17,9,1.21105417166566,34,2020-06-07,-24.7014969882163,3.78454428645519,1.00785666691048
"35",9,2020-02-11,2020-03-10,97,0.7892578125,0.07880859375,2020-03-17,7,1.00851418042827,35,2020-06-22,-26.8288507315268,3.15160681383835,0.248373701051518
"36",5,2020-02-25,2020-03-05,67,0.6392578125,0.20380859375,2020-03-17,12,2.12211900363271,36,2020-05-23,-24.2596510080499,6.63162188635222,1.35158153093917
"37",6,2020-02-08,2020-03-06,119,0.7517578125,0.23505859375,2020-03-17,11,1.01243489378017,37,2020-07-14,-26.0075821286495,3.16385904306305,0.74369225748562
"38",9,2020-02-21,2020-03-02,89,0.6017578125,0.11005859375,2020-03-17,15,1.81114729124432,38,2020-06-14,-25.1635519601891,5.65983528513849,0.622913512338973
"39",8,2020-02-01,2020-03-04,104,0.6767578125,0.29755859375,2020-03-17,13,0.858646578150685,39,2020-06-29,-26.4857475721325,2.68327055672089,0.798430213508648
"40",4,2020-02-14,2020-03-09,74,0.8267578125,0.17255859375,2020-03-17,8,1.25229398994731,40,2020-05-30,-25.7859135448971,3.91341871858535,0.675294030834015
"41",5,2020-02-09,2020-03-05,85,0.8830078125,0.15693359375,2020-03-17,12,1.08199821082743,41,2020-06-10,-26.3377809645738,3.38124440883571,0.530630836425682
"42",8,2020-02-23,2020-03-09,115,0.7330078125,0.28193359375,2020-03-17,8,1.48920892156454,42,2020-07-10,-24.1371452077566,4.65377787988919,1.31205632219141
"43",10,2020-02-03,2020-03-07,70,0.6580078125,0.09443359375,2020-03-17,10,0.896658983118904,43,2020-05-26,-28.2777529761682,2.80205932224657,0.264608531700433
"44",6,2020-02-16,2020-03-03,100,0.8080078125,0.21943359375,2020-03-17,14,1.27725042095838,44,2020-06-25,-25.1107648746031,3.99140756549494,0.875848906217493
"45",6,2020-01-30,2020-03-08,78,0.6205078125,0.18818359375,2020-03-17,9,0.874533607233187,45,2020-06-03,-27.6165286190648,2.73291752260371,0.514290240825913
"46",9,2020-02-13,2020-03-04,108,0.7705078125,0.06318359375,2020-03-17,13,1.12569686120853,46,2020-07-03,-27.0677636869212,3.51780269127666,0.222267416138281
"47",7,2020-02-06,2020-03-01,63,0.8455078125,0.25068359375,2020-03-17,16,0.951838413752114,47,2020-05-19,-26.0371979949419,2.97449504297535,0.745657106964623
"48",4,2020-02-19,2020-03-06,93,0.6955078125,0.12568359375,2020-03-17,11,0.441681057519009,48,2020-06-18,-182.935613567777,1.3802533047469,0.173475195625905
"49",4,2020-02-05,2020-03-09,102,0.6486328125,0.05537109375,2020-03-17,8,1.04843473827849,49,2020-06-27,-28.1154359961753,3.27635855712029,0.181415556824922
"50",7,2020-02-19,2020-03-04,72,0.7986328125,0.18037109375,2020-03-17,13,1.40951365001896,50,2020-05-28,-25.0778895340448,4.40473015630926,0.794485995967109
"51",9,2020-01-29,2020-03-02,117,0.8736328125,0.11787109375,2020-03-17,15,0.792420263176905,51,2020-07-12,-27.8270028967477,2.47631332242783,0.291885759782265
"52",5,2020-02-12,2020-03-07,87,0.7236328125,0.24287109375,2020-03-17,10,1.18632881125681,52,2020-06-12,-25.1762411583334,3.70727753517752,0.900390549803367
"53",6,2020-02-02,2020-03-03,95,0.8361328125,0.27412109375,2020-03-17,14,0.891713642351599,53,2020-06-20,-26.0542253363428,2.78660513234875,0.763867246728802
"54",10,2020-02-15,2020-03-08,65,0.6861328125,0.14912109375,2020-03-17,9,1.16411901121411,54,2020-05-21,-25.8904653610413,3.6378719100441,0.542483438148177
"55",8,2020-02-08,2020-03-06,110,0.6111328125,0.21162109375,2020-03-17,11,0.994483296728747,55,2020-07-05,-26.5056832834137,3.10776030227733,0.65766763428076
"56",4,2020-02-22,2020-03-01,80,0.7611328125,0.08662109375,2020-03-17,16,1.97467473566606,56,2020-06-05,-25.319327941516,6.17085854895645,0.534526516887145
"57",4,2020-01-31,2020-03-07,61,0.8173828125,0.10224609375,2020-03-17,10,0.922584675400194,57,2020-05-17,-27.8894141170564,2.88307711062561,0.294783372541505
"58",8,2020-02-14,2020-03-03,91,0.6673828125,0.22724609375,2020-03-17,14,0.800488278597468,58,2020-06-16,-32.559784896153,2.50152587061709,0.568461982512301
"59",9,2020-02-07,2020-03-05,76,0.7423828125,0.16474609375,2020-03-17,12,0.947038044299527,59,2020-06-01,-26.8832893060793,2.95949388843602,0.487565057596833
"60",6,2020-02-20,2020-03-10,106,0.8923828125,0.28974609375,2020-03-17,7,1.33118009190092,60,2020-07-01,-24.4506653193822,4.15993778719038,1.20532572408143
"61",5,2020-02-10,2020-03-02,69,0.7048828125,0.25849609375,2020-03-17,15,1.1597583836437,61,2020-05-25,-25.5756239810328,3.62424494888657,0.936853162080348
"62",8,2020-02-24,2020-03-06,99,0.8548828125,0.13349609375,2020-03-17,11,0.616881051771903,62,2020-06-24,-50.7769774984432,1.9277532867872,0.257347533499814
"63",7,2020-02-03,2020-03-08,84,0.7798828125,0.19599609375,2020-03-17,9,0.878205240823384,63,2020-06-09,-26.8765704889433,2.74439137757307,0.537889989725504
"64",3,2020-02-17,2020-03-04,114,0.6298828125,0.07099609375,2020-03-17,13,1.73612251106608,64,2020-07-09,-26.2202595716165,5.42538284708151,0.385180989241041
"65",3,2020-02-01,2020-03-09,92,0.8666015625,0.08857421875,2020-03-17,8,0.946483347510004,65,2020-06-17,-27.5270348852512,2.95776046096876,0.261981322079948
"66",7,2020-02-14,2020-03-04,62,0.7166015625,0.21357421875,2020-03-17,13,1.23728915799216,66,2020-05-18,-25.3183090028999,3.86652861872549,0.825790829018813
"67",8,2020-02-07,2020-03-02,107,0.6416015625,0.15107421875,2020-03-17,15,1.05648877170981,67,2020-07-02,-26.9812087211545,3.30152741159315,0.498775674388145
"68",5,2020-02-21,2020-03-06,77,0.7916015625,0.27607421875,2020-03-17,11,1.51703358797802,68,2020-06-02,-24.348031462698,4.74072996243132,1.30879332068294
"69",6,2020-02-11,2020-03-05,99,0.6041015625,0.24482421875,2020-03-17,12,1.19905876321729,69,2020-06-24,-25.4666643882007,3.74705863505402,0.917370702937543
"70",9,2020-02-24,2020-03-10,69,0.7541015625,0.11982421875,2020-03-17,7,1.6886705203389,70,2020-05-25,-24.9105727213249,5.27709537605906,0.632323830705514
"71",8,2020-02-04,2020-03-07,114,0.8291015625,0.18232421875,2020-03-17,10,0.869490770955802,71,2020-07-09,-26.7781335984344,2.71715865923688,0.495403829765162
"72",4,2020-02-18,2020-03-03,84,0.6791015625,0.05732421875,2020-03-17,14,1.70409551230188,72,2020-06-09,-26.2799198719595,5.32529847594337,0.305268574744019
"73",5,2020-02-06,2020-03-06,73,0.7353515625,0.07294921875,2020-03-17,11,1.04621404821814,73,2020-05-29,-27.5611715222316,3.26941890068168,0.238501554571212
"74",8,2020-02-19,2020-03-01,103,0.8853515625,0.19794921875,2020-03-17,16,0.368849485367569,74,2020-06-28,-187.113772124099,1.15265464177365,0.228167085827656
"75",10,2020-01-30,2020-03-03,88,0.8103515625,0.13544921875,2020-03-17,14,0.769379965652893,75,2020-06-13,-27.7548573538103,2.40431239266529,0.325662235217457
"76",6,2020-02-13,2020-03-08,118,0.6603515625,0.26044921875,2020-03-17,9,1.20155596336,76,2020-07-13,-25.223272946479,3.7548623855,0.977950974817236
"77",5,2020-02-02,2020-03-02,65,0.7728515625,0.29169921875,2020-03-17,15,0.946043548945882,77,2020-05-21,-26.2442273094671,2.95638609045588,0.862375512909348
"78",9,2020-02-16,2020-03-07,95,0.6228515625,0.16669921875,2020-03-17,10,1.25077465568046,78,2020-06-20,-25.4165507167102,3.90867079900143,0.651572368544477
"79",7,2020-02-09,2020-03-09,80,0.6978515625,0.22919921875,2020-03-17,8,0.0619172511886154,79,2020-06-05,-308.370045961705,0.193491409964423,0.0443480799986818
"80",4,2020-02-23,2020-03-05,110,0.8478515625,0.10419921875,2020-03-17,12,1.91035094711237,80,2020-07-05,-25.0251768217226,5.96984670972617,0.622053363210725
"81",4,2020-02-08,2020-03-01,116,0.8009765625,0.17451171875,2020-03-17,16,1.16502577438978,81,2020-07-11,-26.1831303000326,3.64070554496805,0.63534578211503
"82",7,2020-02-22,2020-03-06,86,0.6509765625,0.29951171875,2020-03-17,11,1.54368578377794,82,2020-06-11,-24.1062031364055,4.82401807430607,1.44484994471648
"83",9,2020-02-02,2020-03-08,101,0.7259765625,0.11201171875,2020-03-17,9,0.853243192101269,83,2020-06-26,-27.8921171907979,2.66638497531646,0.298666363934373
"84",6,2020-02-15,2020-03-04,71,0.8759765625,0.23701171875,2020-03-17,13,1.18556260818176,84,2020-05-27,-25.1731407820107,3.704883150568,0.878100723284037
"85",6,2020-01-29,2020-03-07,108,0.6884765625,0.20576171875,2020-03-17,10,0.840944352775046,85,2020-07-03,-27.5195016822214,2.62795110242202,0.540731735625312
"86",10,2020-02-12,2020-03-03,78,0.8384765625,0.08076171875,2020-03-17,14,1.06093619518892,86,2020-06-03,-26.8611606014958,3.31542560996536,0.26775947064857
"87",8,2020-02-05,2020-03-05,93,0.7634765625,0.26826171875,2020-03-17,12,0.92536287733398,87,2020-06-18,-26.1796083626762,2.89175899166869,0.775748237315809
"88",5,2020-02-18,2020-03-09,63,0.6134765625,0.14326171875,2020-03-17,8,1.48168155550954,88,2020-05-19,-25.4369486327297,4.63025486096731,0.66333826963272
"89",4,2020-02-03,2020-03-04,82,0.6697265625,0.12763671875,2020-03-17,13,1.07275141614664,89,2020-06-07,-27.2420416059594,3.35234817545824,0.427882721223038
"90",8,2020-02-17,2020-03-09,112,0.8197265625,0.25263671875,2020-03-17,8,1.17981917799286,90,2020-07-07,-24.7489185365901,3.68693493122769,0.931455143270119
"91",10,2020-02-10,2020-03-07,67,0.8947265625,0.06513671875,2020-03-17,10,0.969411742100212,91,2020-05-23,-26.8255940993164,3.02941169406316,0.197325937494153
"92",6,2020-02-23,2020-03-02,97,0.7447265625,0.19013671875,2020-03-17,15,1.79821034576436,92,2020-06-22,-24.409441697645,5.61940733051363,1.06845567114356
"93",5,2020-02-07,2020-03-10,90,0.8572265625,0.22138671875,2020-03-17,7,0.980813358663066,93,2020-06-15,-25.975692194232,3.06504174582208,0.678559534939322
"94",9,2020-02-20,2020-03-05,120,0.7072265625,0.09638671875,2020-03-17,12,1.53148574201982,94,2020-07-15,-25.683236216252,4.78589294381193,0.46129651714281
"95",7,2020-01-31,2020-03-03,75,0.6322265625,0.28388671875,2020-03-17,14,0.909025452687045,95,2020-05-31,-26.8208041770475,2.84070453964702,0.80643829069862
"96",3,2020-02-13,2020-03-08,105,0.7822265625,0.15888671875,2020-03-17,9,1.31955090637221,96,2020-06-30,-25.6284470951751,4.12359658241314,0.655184730428338
"97",3,2020-02-08,2020-03-04,64,0.7025390625,0.17841796875,2020-03-17,13,1.19967468894195,97,2020-05-20,-26.0673255096486,3.74898340294359,0.668886003630658
"98",7,2020-02-21,2020-03-08,94,0.8525390625,0.05341796875,2020-03-17,9,1.5182148261444,98,2020-06-19,-25.8419765923091,4.74442133170125,0.253437350433651
"99",9,2020-02-01,2020-03-06,79,0.7775390625,0.24091796875,2020-03-17,11,0.827224944146411,99,2020-06-04,-26.7653706359431,2.58507795045754,0.622791728884643
"100",5,2020-02-15,2020-03-01,109,0.6275390625,0.11591796875,2020-03-17,16,1.539350184499,100,2020-07-04,-25.7131558436676,4.81046932655938,0.557619833068943
"101",6,2020-02-04,2020-03-09,72,0.8150390625,0.14716796875,2020-03-17,8,0.9006836051636,101,2020-05-28,-26.9781326356409,2.81463626613625,0.414224302057356
"102",9,2020-02-18,2020-03-05,102,0.6650390625,0.27216796875,2020-03-17,12,1.31897298336443,102,2020-06-27,-24.4738369558533,4.12179057301385,1.12181936787008
"103",8,2020-02-11,2020-03-02,87,0.7400390625,0.08466796875,2020-03-17,15,1.14656901484018,103,2020-06-12,-26.7179073680462,3.58302817137556,0.303367717244396
"104",4,2020-02-25,2020-03-07,117,0.8900390625,0.20966796875,2020-03-17,10,1.87488161761043,104,2020-07-12,-24.1915179285621,5.8590050550326,1.22844568878467
"105",5,2020-01-30,2020-03-02,98,0.8337890625,0.22529296875,2020-03-17,15,0.892534664282282,105,2020-06-23,-26.7567721857285,2.78917082588213,0.628380575713875
"106",8,2020-02-13,2020-03-06,68,0.6837890625,0.10029296875,2020-03-17,11,1.16535047812568,106,2020-05-24,-26.5692006778731,3.64172024414276,0.365238934642052
"107",10,2020-02-06,2020-03-09,113,0.6087890625,0.28779296875,2020-03-17,8,0.901411045778607,107,2020-07-08,-26.2963978682789,2.81690951805815,0.810686752902086
"108",6,2020-02-20,2020-03-04,83,0.7587890625,0.16279296875,2020-03-17,13,1.53344405745808,108,2020-06-08,-25.0964396319502,4.79201267955649,0.780105970392643
"109",6,2020-02-10,2020-03-08,91,0.6462890625,0.13154296875,2020-03-17,9,1.09924216162961,109,2020-06-16,-26.6036397412943,3.43513175509253,0.451867429112269
"110",9,2020-02-23,2020-03-03,61,0.7962890625,0.25654296875,2020-03-17,14,1.51683910560413,110,2020-05-17,-24.3158394931016,4.74012220501289,1.2160450227118
"111",7,2020-02-03,2020-03-05,106,0.8712890625,0.06904296875,2020-03-17,12,0.835622910850275,111,2020-07-01,-27.620051592818,2.61132159640711,0.180293395376936
"112",4,2020-02-16,2020-03-10,76,0.7212890625,0.19404296875,2020-03-17,7,1.37953887540651,112,2020-06-01,-25.1775031385764,4.31105898564536,0.836530684030989
"113",4,2020-02-02,2020-03-06,89,0.6369140625,0.26435546875,2020-03-17,11,1.00419178677009,113,2020-06-14,-26.3684077955639,3.13809933365652,0.829573720332832
"114",7,2020-02-15,2020-03-02,119,0.7869140625,0.13935546875,2020-03-17,15,1.28552295893885,114,2020-07-14,-25.7066504420754,4.01725924668392,0.55982704541191
"115",9,2020-02-09,2020-03-04,74,0.8619140625,0.20185546875,2020-03-17,13,0.949987164207452,115,2020-05-30,-26.0193221398429,2.96870988814829,0.599250326054933
"116",5,2020-02-22,2020-03-08,104,0.7119140625,0.07685546875,2020-03-17,9,1.82188676308382,116,2020-06-29,-25.5454309280697,5.69339613463694,0.43756862870696
"117",6,2020-02-05,2020-03-03,81,0.8994140625,0.10810546875,2020-03-17,14,0.914105681902616,117,2020-06-06,-27.0840390090802,2.85658025594567,0.308811947591002
"118",10,2020-02-19,2020-03-07,111,0.7494140625,0.23310546875,2020-03-17,10,1.27476465616131,118,2020-07-06,-24.7786229744779,3.9836395505041,0.928608164751298
"119",8,2020-01-30,2020-03-09,66,0.6744140625,0.17060546875,2020-03-17,8,0.797107192381872,119,2020-05-22,-27.667285966074,2.49095997619335,0.424971394375955
"120",4,2020-02-12,2020-03-05,96,0.8244140625,0.29560546875,2020-03-17,12,1.15990031919499,120,2020-06-21,-24.8664672380588,3.62468849748433,1.07147774237159
"121",4,2020-02-10,2020-03-08,107,0.7681640625,0.27998046875,2020-03-17,9,1.10841669607021,121,2020-07-02,-25.2585011190209,3.46380217521942,0.969796956675201
"122",7,2020-02-24,2020-03-03,77,0.6181640625,0.15498046875,2020-03-17,14,0.103365018617341,122,2020-06-02,-306.751755652685,0.32301568317919,0.0500611219927123
"123",9,2020-02-04,2020-03-01,92,0.6931640625,0.21748046875,2020-03-17,16,0.934016309313033,123,2020-06-17,-26.9540174245461,2.91880096660323,0.634782202404823
"124",6,2020-02-17,2020-03-06,62,0.8431640625,0.09248046875,2020-03-17,11,1.33339139314072,124,2020-05-18,-25.9347139143599,4.16684810356476,0.385352065827718
"125",5,2020-01-31,2020-03-04,115,0.7306640625,0.06123046875,2020-03-17,13,0.925522698356332,125,2020-07-10,-28.2867374658508,2.89225843236354,0.17709433955976
"126",8,2020-02-14,2020-03-09,85,0.8806640625,0.18623046875,2020-03-17,8,1.10333186365542,126,2020-06-10,-25.5875136961645,3.44791207392319,0.6421062817355
"127",7,2020-02-07,2020-03-07,100,0.8056640625,0.12373046875,2020-03-17,10,0.968043547927296,127,2020-06-25,-27.0082363351328,3.0251360872728,0.374301506110805
"128",3,2020-02-21,2020-03-02,70,0.6556640625,0.24873046875,2020-03-17,15,1.88477809949003,128,2020-05-26,-24.5087791753399,5.88993156090636,1.46500543804966
"129",3,2020-02-02,2020-03-05,103,0.7904296875,0.19306640625,2020-03-17,12,0.994990489253711,129,2020-06-28,-26.6740259035005,3.10934527891785,0.600310118791073
"130",7,2020-02-16,2020-03-09,73,0.6404296875,0.06806640625,2020-03-17,8,1.31418543239485,130,2020-05-29,-26.6475218441578,4.10682947623389,0.279537123528811
"131",8,2020-02-09,2020-03-07,118,0.7154296875,0.25556640625,2020-03-17,10,0.99651495037349,131,2020-07-13,-25.8100490946539,3.11410921991716,0.795861702004218
"132",5,2020-02-23,2020-03-03,88,0.8654296875,0.13056640625,2020-03-17,14,1.78445022838209,132,2020-06-13,-25.0605553406003,5.57640696369404,0.728091417037005
"133",6,2020-02-06,2020-03-08,96,0.6779296875,0.16181640625,2020-03-17,9,0.164552864204627,133,2020-06-21,-306.984807336228,0.51422770063946,0.0832104785116782
"134",9,2020-02-19,2020-03-04,66,0.8279296875,0.28681640625,2020-03-17,13,1.24581728011878,134,2020-05-22,-24.4950206820431,3.89317900037119,1.11662760977443
"135",7,2020-01-30,2020-03-02,111,0.7529296875,0.09931640625,2020-03-17,15,0.877593321612562,135,2020-07-06,-28.3168533262686,2.74247913003926,0.272373171411125
"136",4,2020-02-13,2020-03-06,81,0.6029296875,0.22431640625,2020-03-17,11,1.30124000423709,136,2020-06-06,-25.5362133673848,4.06637501324089,0.912154629434993
"137",4,2020-02-11,2020-03-03,62,0.6591796875,0.20869140625,2020-03-17,14,1.32442283921781,137,2020-05-18,-25.8036910686014,4.13882137255566,0.863736452456195
"138",8,2020-02-24,2020-03-08,92,0.8091796875,0.08369140625,2020-03-17,9,1.75622935210097,138,2020-06-17,-25.1047959591416,5.48821672531552,0.459316575546426
"139",10,2020-02-04,2020-03-10,77,0.8841796875,0.27119140625,2020-03-17,7,0.791075883151512,139,2020-06-02,-26.3463654860274,2.47211213484848,0.670415566257248
"140",6,2020-02-18,2020-03-05,107,0.7341796875,0.14619140625,2020-03-17,12,1.44156879119515,140,2020-07-02,-25.4731363113607,4.50490247248484,0.65857802747166
"141",5,2020-02-01,2020-03-07,70,0.8466796875,0.11494140625,2020-03-17,10,0.913563560526025,141,2020-05-26,-27.6548454780657,2.85488612664383,0.328144626080057
"142",9,2020-02-14,2020-03-02,100,0.6966796875,0.23994140625,2020-03-17,15,1.20203314196897,142,2020-06-25,-25.3582109473396,3.75635356865302,0.901304757634812
"143",7,2020-02-08,2020-03-04,85,0.6216796875,0.05244140625,2020-03-17,13,1.08814287745428,143,2020-06-10,-28.0261929124338,3.40044649204463,0.1783241959207
"144",4,2020-02-21,2020-03-09,115,0.7716796875,0.17744140625,2020-03-17,8,1.64581262337174,144,2020-07-10,-24.6744316054446,5.14316444803669,0.912610332234636
"145",4,2020-02-07,2020-03-07,109,0.8748046875,0.24775390625,2020-03-17,10,1.01493776184165,145,2020-07-04,-25.5863353852981,3.17168050575517,0.785796234677818
"146",7,2020-02-20,2020-03-03,79,0.7248046875,0.12275390625,2020-03-17,14,1.60640401921897,146,2020-06-04,-25.326751721315,5.02001256005928,0.616226151171339
"147",9,2020-01-31,2020-03-05,94,0.6498046875,0.18525390625,2020-03-17,12,0.852237709638988,147,2020-06-19,-28.089208888962,2.66324284262184,0.493376139888049
"148",5,2020-02-13,2020-03-10,64,0.7998046875,0.06025390625,2020-03-17,7,1.24459258154412,148,2020-05-20,-26.9528587674026,3.88935181732538,0.234348639774391
"149",6,2020-02-03,2020-03-02,117,0.6123046875,0.09150390625,2020-03-17,15,1.03228647063183,149,2020-07-12,-28.0958260400601,3.22589522072445,0.295182013849493
"150",10,2020-02-17,2020-03-06,87,0.7623046875,0.21650390625,2020-03-17,11,1.19368840872306,150,2020-06-12,-24.8961470821991,3.73027627725956,0.807619385418404
"151",8,2020-02-10,2020-03-09,102,0.8373046875,0.15400390625,2020-03-17,8,0.973592687213706,151,2020-06-27,-26.4772304376205,3.04247714754283,0.468553365397953
"152",5,2020-02-24,2020-03-04,72,0.6873046875,0.27900390625,2020-03-17,13,1.81815696829204,152,2020-05-28,-24.2602773848512,5.68174052591261,1.58522780102855
"153",4,2020-01-29,2020-03-09,83,0.7435546875,0.29462890625,2020-03-17,8,0.869819314004877,153,2020-06-08,-26.1643873804274,2.71818535626524,0.800855978501195
"154",8,2020-02-12,2020-03-05,113,0.8935546875,0.16962890625,2020-03-17,12,1.03956942829929,154,2020-07-08,-25.8385814383166,3.24865446343529,0.551065703416708
"155",9,2020-02-05,2020-03-02,68,0.8185546875,0.23212890625,2020-03-17,15,0.90908234205344,155,2020-05-24,-26.505855069261,2.840882318917,0.659450905475167
"156",6,2020-02-19,2020-03-07,98,0.6685546875,0.10712890625,2020-03-17,10,1.57330398038247,156,2020-06-23,-25.4913855591807,4.91657493869523,0.52670729567858
"157",5,2020-02-08,2020-03-03,75,0.7810546875,0.07587890625,2020-03-17,14,1.11763536612182,157,2020-05-31,-27.1317876173911,3.49261051913069,0.265015466148882
"158",9,2020-02-22,2020-03-08,105,0.6310546875,0.20087890625,2020-03-17,9,1.56408707247825,158,2020-06-30,-24.4372949198741,4.88777210149452,0.981850313747483
"159",7,2020-02-02,2020-03-06,60,0.7060546875,0.13837890625,2020-03-17,11,0.907126328804126,159,2020-05-16,-27.5861302187612,2.83476977751289,0.39227234128279
"160",3,2020-02-15,2020-03-01,90,0.8560546875,0.26337890625,2020-03-17,16,1.32626891903691,160,2020-06-15,-24.8741929944085,4.14459037199035,1.0915976790291
"161",3,2020-02-10,2020-03-10,71,0.6263671875,0.10322265625,2020-03-17,7,1.2836910844176,161,2020-05-27,-27.0122158930815,4.01153463880499,0.414081261056335
"162",7,2020-02-23,2020-03-05,101,0.7763671875,0.22822265625,2020-03-17,12,1.62653851979939,162,2020-06-26,-24.1809879568672,5.08293287437309,1.16004044212987
"163",9,2020-02-03,2020-03-03,86,0.8513671875,0.16572265625,2020-03-17,14,0.86404981590628,163,2020-06-11,-27.1559950691008,2.70015567470712,0.447476970700976
"164",5,2020-02-16,2020-03-07,116,0.7013671875,0.29072265625,2020-03-17,10,1.29416190973561,164,2020-07-11,-24.6382619938179,4.04425596792378,1.17575683754972
"165",6,2020-01-31,2020-03-04,63,0.8888671875,0.25947265625,2020-03-17,13,0.844869952999901,165,2020-05-19,-26.7090355557237,2.64021860312469,0.685064534033428
"166",10,2020-02-13,2020-03-08,93,0.7388671875,0.13447265625,2020-03-17,9,1.05632896629233,166,2020-06-18,-26.4398203502466,3.30102801966355,0.443898006159834
"167",8,2020-02-06,2020-03-06,78,0.6638671875,0.19697265625,2020-03-17,11,0.961003760092378,167,2020-06-03,-26.613029077487,3.00313675028868,0.591535822786354
"168",4,2020-02-20,2020-03-02,108,0.8138671875,0.07197265625,2020-03-17,15,1.77694772166956,168,2020-07-03,-25.7056551741758,5.55296163021738,0.399661398581075
"169",5,2020-02-05,2020-03-07,97,0.7576171875,0.05634765625,2020-03-17,10,1.00362683097409,169,2020-06-22,-27.5379240506847,3.13633384679405,0.176725061484391
"170",8,2020-02-18,2020-03-02,67,0.6076171875,0.18134765625,2020-03-17,15,1.51553050797237,170,2020-05-23,-25.079405595885,4.73603283741366,0.858868454988005
"171",10,2020-02-11,2020-03-04,112,0.6826171875,0.11884765625,2020-03-17,13,1.07547600060516,171,2020-07-07,-26.7331626265647,3.36086250189112,0.399430631328271
"172",6,2020-02-25,2020-03-09,82,0.8326171875,0.24384765625,2020-03-17,8,1.37677711816798,172,2020-06-07,-27.3876238883766,4.30242849427494,1.04913710451216
"173",6,2020-02-08,2020-03-01,104,0.7201171875,0.27509765625,2020-03-17,16,1.05498954529143,173,2020-06-29,-25.6162934727511,3.29684232903572,0.906953597743517
"174",9,2020-02-21,2020-03-06,74,0.8701171875,0.15009765625,2020-03-17,11,1.43989157434779,174,2020-05-30,-24.98427559427,4.49966116983686,0.675388595511645
"175",7,2020-02-01,2020-03-08,119,0.7951171875,0.21259765625,2020-03-17,9,0.838885766956609,175,2020-07-14,-27.0599827737583,2.6215180217394,0.557328587238934
"176",4,2020-02-15,2020-03-03,89,0.6451171875,0.08759765625,2020-03-17,14,1.56851733898244,176,2020-06-14,-26.4093036575033,4.90161668432012,0.429370133382339
"177",4,2020-01-31,2020-03-02,76,0.7107421875,0.15791015625,2020-03-17,15,0.999381248337336,177,2020-06-01,-27.5509012132026,3.12306640105418,0.49316390336959
"178",7,2020-02-14,2020-03-07,106,0.8607421875,0.28291015625,2020-03-17,10,1.10598475338806,178,2020-07-01,-24.9497193398636,3.45620235433768,0.97779474809729
"179",9,2020-02-07,2020-03-09,61,0.7857421875,0.09541015625,2020-03-17,8,0.941765631438679,179,2020-05-17,-27.2949052845583,2.94301759824587,0.280793768895138
"180",5,2020-02-21,2020-03-05,91,0.6357421875,0.22041015625,2020-03-17,12,0.187769627126758,180,2020-06-16,-279.426743507428,0.586780084771117,0.12933229016879
"181",6,2020-02-10,2020-03-06,84,0.8232421875,0.18916015625,2020-03-17,11,1.04969168784263,181,2020-06-09,-25.9844707387446,3.2802865245082,0.620499511520741
"182",10,2020-02-24,2020-03-01,114,0.6732421875,0.06416015625,2020-03-17,16,2.04969572394794,182,2020-07-09,-25.3809705230878,6.40529913733732,0.410964993479553
"183",8,2020-02-04,2020-03-04,69,0.7482421875,0.25166015625,2020-03-17,13,0.926290904833566,183,2020-05-25,-26.3872199874835,2.89465907760489,0.728470355760528
"184",4,2020-02-17,2020-03-08,99,0.8982421875,0.12666015625,2020-03-17,9,1.39942558502293,184,2020-06-24,-25.6940362790417,4.37320495319665,0.553910822685161
"185",4,2020-02-05,2020-03-05,118,0.8419921875,0.14228515625,2020-03-17,12,1.01142724547217,185,2020-07-13,-26.7049665706178,3.16071014210052,0.449722136429732
"186",8,2020-02-19,2020-03-10,88,0.6919921875,0.26728515625,2020-03-17,7,1.30239198253257,186,2020-06-13,-24.6117796620755,4.0699749454143,1.08784388921865
"187",9,2020-01-30,2020-03-08,103,0.6169921875,0.07978515625,2020-03-17,9,0.823954943030872,187,2020-06-28,-28.90868043055,2.57485919697148,0.205435543352119
"188",6,2020-02-12,2020-03-03,73,0.7669921875,0.20478515625,2020-03-17,14,1.1539712202876,188,2020-05-29,-25.6362208269425,3.60616006339876,0.738488052045625
"189",5,2020-02-02,2020-03-09,110,0.6544921875,0.23603515625,2020-03-17,8,0.937068284671534,189,2020-07-05,-26.6268144279703,2.92833838959854,0.691190809341766
"190",8,2020-02-16,2020-03-04,80,0.8044921875,0.11103515625,2020-03-17,13,1.23616707122726,190,2020-06-05,-26.0158172642322,3.86302209758518,0.428931262202574
"191",7,2020-02-09,2020-03-02,95,0.8794921875,0.29853515625,2020-03-17,15,0.966462949565642,191,2020-06-20,-25.2549724925336,3.02019671739263,0.901634898932546
"192",3,2020-02-22,2020-03-06,65,0.7294921875,0.17353515625,2020-03-17,11,1.88935087227102,192,2020-05-21,-24.7631208601592,5.90422147584693,1.0245899963457
"193",3,2020-02-06,2020-03-02,88,0.7740234375,0.12470703125,2020-03-17,15,1.14558088923915,193,2020-06-13,-26.8038160851306,3.57994027887235,0.446443724230468
"194",7,2020-02-20,2020-03-07,118,0.6240234375,0.24970703125,2020-03-17,10,1.50597823091852,194,2020-07-13,-24.4684993733659,4.70618197162036,1.17516672865559
"195",8,2020-01-30,2020-03-09,73,0.6990234375,0.06220703125,2020-03-17,8,0.797743781735251,195,2020-05-29,-28.7391501735881,2.49294931792266,0.155078976124681
"196",5,2020-02-13,2020-03-04,103,0.8490234375,0.18720703125,2020-03-17,13,1.16634640842268,196,2020-06-28,-25.5337382610151,3.64483252632089,0.68233827665597
"197",6,2020-02-03,2020-03-08,81,0.7365234375,0.21845703125,2020-03-17,9,0.909928290598488,197,2020-06-06,-26.6748476416043,2.84352590812027,0.621188228170415
"198",9,2020-02-16,2020-03-03,111,0.8865234375,0.09345703125,2020-03-17,14,1.18231454911596,198,2020-07-06,-25.9067683650813,3.69473296598736,0.345298774262686
"199",7,2020-02-09,2020-03-05,66,0.8115234375,0.28095703125,2020-03-17,12,0.976980358143862,199,2020-05-22,-25.3168772796739,3.05306361919957,0.857779690667692
"200",4,2020-02-23,2020-03-10,96,0.6615234375,0.15595703125,2020-03-17,7,1.85361496156015,200,2020-06-21,-24.6995075912394,5.79254675487546,0.903388395267198
"201",4,2020-02-01,2020-03-04,107,0.6052734375,0.17158203125,2020-03-17,13,1.05242761518813,201,2020-07-02,-27.4730528586984,3.28883629746292,0.564305212367417
"202",8,2020-02-15,2020-03-08,77,0.7552734375,0.29658203125,2020-03-17,9,1.11854950800046,202,2020-06-02,-24.7213334969271,3.49546721250145,1.03669276605145
"203",10,2020-02-08,2020-03-06,92,0.8302734375,0.10908203125,2020-03-17,11,0.918982773138415,203,2020-06-17,-26.9098497202903,2.87182116605755,0.313264086180301
"204",6,2020-02-21,2020-03-01,62,0.6802734375,0.23408203125,2020-03-17,16,1.68316629892048,204,2020-05-18,-24.1776206085405,5.25989468412651,1.23124683182141
"205",5,2020-02-11,2020-03-09,114,0.8677734375,0.20283203125,2020-03-17,8,1.07397735031366,205,2020-07-09,-25.6650765296039,3.35617921973018,0.680740648376913
"206",9,2020-02-25,2020-03-05,84,0.7177734375,0.07783203125,2020-03-17,12,1.16703245566123,206,2020-06-09,-34.1727171624422,3.64697642394135,0.283851582996217
"207",7,2020-02-04,2020-03-03,99,0.6427734375,0.26533203125,2020-03-17,14,0.946635008555021,207,2020-06-24,-26.2651923018502,2.95823440173444,0.784914342725827
"208",4,2020-02-18,2020-03-07,69,0.7927734375,0.14033203125,2020-03-17,10,1.51197393326759,208,2020-05-25,-25.3068638087482,4.72491854146123,0.663057416414042
"209",4,2020-02-04,2020-03-08,67,0.8583984375,0.07001953125,2020-03-17,9,1.00608925246234,209,2020-05-23,-27.4909718410124,3.14402891394482,0.220143430790863
"210",7,2020-02-17,2020-03-03,97,0.7083984375,0.19501953125,2020-03-17,14,1.37185834458432,210,2020-06-22,-24.9988428736533,4.28705732682599,0.836059910319483
"211",9,2020-02-10,2020-03-01,82,0.6333984375,0.13251953125,2020-03-17,16,1.13506863296478,211,2020-06-07,-26.871012084061,3.54708947801492,0.470058634928345
"212",6,2020-02-24,2020-03-06,112,0.7833984375,0.25751953125,2020-03-17,11,1.66152179019586,212,2020-07-07,-24.1756325233993,5.19225559436206,1.33710722679031
"213",6,2020-02-07,2020-03-05,75,0.6708984375,0.28876953125,2020-03-17,12,0.989192405511573,213,2020-05-31,-25.7996001391449,3.09122626722366,0.892651960173865
"214",10,2020-02-20,2020-03-09,105,0.8208984375,0.16376953125,2020-03-17,8,1.33117026894638,214,2020-06-30,-25.141344262991,4.15990709045743,0.681266034247765
"215",8,2020-01-31,2020-03-07,90,0.8958984375,0.22626953125,2020-03-17,10,0.802713208477051,215,2020-06-15,-26.8468273675766,2.50847877649078,0.567592316907143
"216",5,2020-02-14,2020-03-02,120,0.7458984375,0.10126953125,2020-03-17,15,1.35005032922609,216,2020-07-15,-26.4253228408873,4.21890727883153,0.427246762514482
"217",4,2020-02-09,2020-03-06,101,0.6896484375,0.08564453125,2020-03-17,11,1.18680544337039,217,2020-06-26,-27.151365219498,3.70876701053248,0.317635612132518
"218",8,2020-02-22,2020-03-02,71,0.8396484375,0.21064453125,2020-03-17,15,0.58124710841193,218,2020-05-27,-115.197839345933,1.81639721378728,0.382614139662028
"219",9,2020-02-02,2020-03-04,116,0.7646484375,0.14814453125,2020-03-17,13,0.855490430418647,219,2020-07-11,-27.4719027818948,2.67340759505827,0.396050715010097
"220",6,2020-02-15,2020-03-08,86,0.6146484375,0.27314453125,2020-03-17,9,1.24964161255966,220,2020-06-11,-24.8315577110914,3.90513003924895,1.06666491404095
"221",5,2020-01-29,2020-03-03,94,0.8021484375,0.24189453125,2020-03-17,14,0.860793133900519,221,2020-06-19,-27.1330220099733,2.68997854343912,0.650691098837764
"222",9,2020-02-12,2020-03-07,64,0.6521484375,0.11689453125,2020-03-17,10,1.12478392360368,222,2020-05-20,-26.6426226221887,3.51494976126149,0.410878404709962
"223",7,2020-02-05,2020-03-10,109,0.7271484375,0.17939453125,2020-03-17,7,0.917521854953852,223,2020-07-04,-26.7746987571583,2.86725579673079,0.514370009628365
"224",3,2020-02-19,2020-03-05,79,0.8771484375,0.05439453125,2020-03-17,12,1.68410022975253,224,2020-06-04,-26.1002326499601,5.26281321797664,0.286268258048144
"225",3,2020-01-30,2020-03-06,113,0.6380859375,0.27705078125,2020-03-17,11,1.00193018961401,225,2020-07-08,-26.4326131853883,3.13103184254377,0.867454818095379
"226",7,2020-02-12,2020-03-01,83,0.7880859375,0.15205078125,2020-03-17,16,1.1440917522856,226,2020-06-08,-26.0079223883678,3.57528672589249,0.543625139864707
"227",8,2020-02-06,2020-03-03,98,0.8630859375,0.21455078125,2020-03-17,14,0.906090089643344,227,2020-06-23,-26.3210876825795,2.83153153013545,0.607507301924569
"228",5,2020-02-19,2020-03-08,68,0.7130859375,0.08955078125,2020-03-17,9,1.58115573371839,228,2020-05-24,-25.9313220538912,4.94111166786996,0.442480410101245
"229",6,2020-02-09,2020-03-02,106,0.8255859375,0.05830078125,2020-03-17,15,1.13089993207912,229,2020-07-01,-27.2343332655142,3.53406228774725,0.206038592361827
"230",9,2020-02-23,2020-03-07,76,0.6755859375,0.18330078125,2020-03-17,10,1.65061076587953,230,2020-06-01,-24.587883168495,5.15815864337352,0.945494509141806
"231",8,2020-02-02,2020-03-09,91,0.6005859375,0.12080078125,2020-03-17,8,0.896702772762,231,2020-06-16,-28.1766602935019,2.80219616488125,0.338507485933409
"232",4,2020-02-16,2020-03-04,61,0.7505859375,0.24580078125,2020-03-17,13,1.40178978563815,232,2020-05-17,-24.6540712496351,4.38059308011922,1.07675320143165
"233",5,2020-02-07,2020-03-08,80,0.8068359375,0.26142578125,2020-03-17,9,1.00909625669788,233,2020-06-05,-25.779436219243,3.15342580218087,0.824386803949041
"234",8,2020-02-21,2020-03-04,110,0.6568359375,0.13642578125,2020-03-17,13,1.68772504384386,234,2020-07-05,-24.9628846698358,5.27414076201207,0.719528773879966
"235",10,2020-02-01,2020-03-02,65,0.7318359375,0.19892578125,2020-03-17,15,0.829916569887782,235,2020-05-21,-27.3628887525707,2.59348928089932,0.515911881366398
"236",6,2020-02-14,2020-03-06,95,0.8818359375,0.07392578125,2020-03-17,11,1.1988108255169,236,2020-06-20,-26.2695435493953,3.74628382974031,0.276946958897794
"237",5,2020-02-04,2020-03-05,87,0.6943359375,0.10517578125,2020-03-17,12,1.06061294920191,237,2020-06-12,-27.6145036901467,3.31441546625598,0.348596236050555
"238",9,2020-02-17,2020-03-09,117,0.8443359375,0.23017578125,2020-03-17,8,1.15320680288127,238,2020-07-12,-24.87135273396,3.60377125900396,0.829500864987533
"239",7,2020-02-11,2020-03-07,72,0.7693359375,0.16767578125,2020-03-17,10,1.08668681511801,239,2020-05-28,-26.2927502416988,3.39589629724378,0.569409564684333
"240",4,2020-02-24,2020-03-03,102,0.6193359375,0.29267578125,2020-03-17,14,1.92680769076778,240,2020-06-27,-24.0489691791569,6.02127403364932,1.76228108191865
"241",3,2020-02-10,2020-03-04,93,0.7224609375,0.22236328125,2020-03-17,13,1.2216246181967,241,2020-06-18,-25.521195777605,3.8175769318647,0.848888932993743
"242",7,2020-02-23,2020-03-09,63,0.8724609375,0.09736328125,2020-03-17,8,1.64440517445951,242,2020-05-19,-25.1330384462089,5.13876617018595,0.5003271359058
"243",9,2020-02-03,2020-03-06,108,0.7974609375,0.28486328125,2020-03-17,11,0.815461854255052,243,2020-07-03,-26.4319065478975,2.54831829454704,0.725922311054073
"244",5,2020-02-17,2020-03-02,78,0.6474609375,0.15986328125,2020-03-17,15,1.51626874976549,244,2020-06-03,-25.2933170962417,4.73833984301715,0.757486554982332
"245",6,2020-01-31,2020-03-10,100,0.7599609375,0.12861328125,2020-03-17,7,0.872983524111729,245,2020-06-25,-27.8571152875205,2.72807351284915,0.350866485978743
"246",10,2020-02-13,2020-03-05,70,0.6099609375,0.25361328125,2020-03-17,12,0.301067656628236,246,2020-05-26,-190.74522681614,0.940836426963238,0.238608613361673
"247",8,2020-02-06,2020-03-03,115,0.6849609375,0.06611328125,2020-03-17,14,1.02934811410002,247,2020-07-10,-28.0173583858471,3.21671285656255,0.212667441786411
"248",4,2020-02-20,2020-03-07,85,0.8349609375,0.19111328125,2020-03-17,10,1.56057042158586,248,2020-06-10,-24.8014938036028,4.8767825674558,0.932017918409278
"249",4,2020-02-01,2020-03-01,74,0.8912109375,0.17548828125,2020-03-17,16,0.940640291785559,249,2020-05-30,-26.9901097727011,2.93950091182987,0.515847962749832
"250",7,2020-02-15,2020-03-06,104,0.7412109375,0.05048828125,2020-03-17,11,1.27345852859058,250,2020-06-29,-26.6476014757727,3.97955790184555,0.200921038599038
"251",9,2020-02-08,2020-03-08,89,0.6662109375,0.23798828125,2020-03-17,9,0.933321420678735,251,2020-06-14,-26.1500444632504,2.91662943962105,0.694123627378563
"252",6,2020-02-22,2020-03-04,119,0.8162109375,0.11298828125,2020-03-17,13,1.69760432114184,252,2020-07-14,-25.1485794715052,5.30501350356826,0.599404357776218
"253",5,2020-02-05,2020-03-07,66,0.6287109375,0.14423828125,2020-03-17,10,1.00477956050086,253,2020-05-22,-27.2286405331803,3.13993612656519,0.452898990130545
"254",8,2020-02-18,2020-03-02,96,0.7787109375,0.26923828125,2020-03-17,15,1.25190901709346,254,2020-06-21,-24.5472853420897,3.91221567841705,1.05331822513631
"255",7,2020-01-29,2020-03-05,81,0.8537109375,0.08173828125,2020-03-17,12,0.841150418302934,255,2020-06-06,-28.1072648289281,2.62859505719667,0.214856842077501
"256",3,2020-02-12,2020-03-09,111,0.7037109375,0.20673828125,2020-03-17,8,1.31128397202708,256,2020-07-06,-25.4643246923574,4.09776241258461,0.847164358148596
"257",3,2020-02-05,2020-03-04,69,0.86865234375,0.159619140625,2020-03-17,13,1.07745651707553,257,2020-05-25,-26.242607760171,3.36705161586104,0.537445885363757
"258",7,2020-02-18,2020-03-09,99,0.71865234375,0.284619140625,2020-03-17,8,1.27312933486128,258,2020-06-24,-24.5403045465502,3.9785291714415,1.13236555372717
"259",8,2020-01-29,2020-03-07,84,0.64365234375,0.097119140625,2020-03-17,10,0.864383923419428,259,2020-06-09,-28.6627060343102,2.70119976068571,0.262338199414252
"260",5,2020-02-12,2020-03-02,114,0.79365234375,0.222119140625,2020-03-17,15,1.19402053804329,260,2020-07-09,-25.464526534804,3.73131418138528,0.828796299371174
"261",6,2020-02-01,2020-03-10,62,0.60615234375,0.190869140625,2020-03-17,7,0.878680312951943,261,2020-05-18,-27.2490096913966,2.74587597797482,0.524102988178886
"262",9,2020-02-15,2020-03-05,92,0.75615234375,0.065869140625,2020-03-17,12,1.2330308845831,262,2020-06-17,-26.6317957441414,3.85322151432219,0.253808389786164
"263",7,2020-02-08,2020-03-03,77,0.83115234375,0.253369140625,2020-03-17,14,0.9597006451755,263,2020-06-02,-25.6752153451697,2.99906451617344,0.759870399141795
"264",4,2020-02-22,2020-03-08,107,0.68115234375,0.128369140625,2020-03-17,9,1.85362318414939,264,2020-07-02,-25.0427029457665,5.79257245046685,0.74358754747448
"265",4,2020-01-31,2020-03-01,95,0.73740234375,0.112744140625,2020-03-17,16,1.02444891996895,265,2020-06-20,-28.0850695853885,3.20140287490298,0.36093941592534
"266",8,2020-02-13,2020-03-06,65,0.88740234375,0.237744140625,2020-03-17,11,1.04559349479032,266,2020-05-21,-25.2064015945939,3.26747967121974,0.776824146443794
"267",10,2020-02-06,2020-03-08,110,0.81240234375,0.050244140625,2020-03-17,9,0.88955131635826,267,2020-07-05,-28.0633770755186,2.77984786361956,0.139671066975807
"268",6,2020-02-20,2020-03-04,80,0.66240234375,0.175244140625,2020-03-17,13,1.59823576743661,268,2020-06-05,-24.9173674598601,4.99448677323941,0.875254542439269
"269",5,2020-02-10,2020-03-07,103,0.77490234375,0.206494140625,2020-03-17,10,1.09630608403518,269,2020-06-28,-25.8230594062136,3.42595651260993,0.707439945890009
"270",9,2020-02-23,2020-03-03,73,0.62490234375,0.081494140625,2020-03-17,14,1.98937131262886,270,2020-05-29,-25.3267134368498,6.21678535196519,0.506631579708491
"271",7,2020-02-03,2020-03-05,118,0.69990234375,0.268994140625,2020-03-17,12,0.914307627372222,271,2020-07-13,-26.3857563739995,2.8572113355382,0.768573107787105
"272",3,2020-02-17,2020-03-09,88,0.84990234375,0.143994140625,2020-03-17,8,1.45621643041963,272,2020-06-13,-25.6084790089234,4.55067634506136,0.655270729569626
"273",4,2020-02-04,2020-03-06,78,0.80302734375,0.089306640625,2020-03-17,11,0.989333915031747,273,2020-06-03,-27.1508424938339,3.09166848447421,0.276106526274577
"274",7,2020-02-17,2020-03-01,108,0.65302734375,0.214306640625,2020-03-17,16,0.958043514309111,274,2020-07-03,-30.3814979874236,2.99388598221597,0.641609647262983
"275",9,2020-02-11,2020-03-03,63,0.72802734375,0.151806640625,2020-03-17,14,1.09424033178508,275,2020-05-19,-26.3998765527368,3.41950103682839,0.519102965014621
"276",5,2020-02-24,2020-03-08,93,0.87802734375,0.276806640625,2020-03-17,9,1.57225087406341,276,2020-06-18,-24.2262258996464,4.91328398144817,1.36002963334129
"277",6,2020-02-07,2020-03-02,86,0.69052734375,0.245556640625,2020-03-17,15,1.07845913999981,277,2020-06-11,-25.9271650400744,3.37018481249942,0.827571260842753
"278",10,2020-02-21,2020-03-07,116,0.84052734375,0.120556640625,2020-03-17,10,1.38867443645541,278,2020-07-11,-25.0278466685346,4.33960761392315,0.523168515565247
"279",8,2020-02-01,2020-03-09,71,0.76552734375,0.183056640625,2020-03-17,8,0.834510161976598,279,2020-05-27,-27.2854034903549,2.60784425617687,0.47738320880894
"280",5,2020-02-14,2020-03-05,101,0.61552734375,0.058056640625,2020-03-17,12,1.42435825662374,280,2020-06-26,-26.6973519680082,4.45111955194919,0.258417048206425
"281",4,2020-02-09,2020-03-08,120,0.67177734375,0.073681640625,2020-03-17,9,1.14266044016436,281,2020-07-15,-27.0300653308894,3.57081387551362,0.263103424714358
"282",8,2020-02-22,2020-03-04,90,0.82177734375,0.198681640625,2020-03-17,13,1.50476495920469,282,2020-06-15,-24.6356132242762,4.70239049751465,0.934278658905622
"283",9,2020-02-02,2020-03-02,105,0.89677734375,0.136181640625,2020-03-17,15,0.821067766546556,283,2020-06-30,-27.6175471558028,2.56583677045799,0.34941986097692
"284",6,2020-02-16,2020-03-06,75,0.74677734375,0.261181640625,2020-03-17,11,1.25470903841181,284,2020-05-31,-24.5782408897143,3.92096574503692,1.02408426612317
"285",5,2020-01-30,2020-03-05,112,0.85927734375,0.292431640625,2020-03-17,12,0.8788675349743,285,2020-07-07,-26.218442891169,2.74646104679469,0.803152109826825
"286",8,2020-02-12,2020-03-10,82,0.70927734375,0.167431640625,2020-03-17,7,1.0768379489386,286,2020-06-07,-25.9848096010698,3.36511859043313,0.563427326493906
"287",7,2020-02-06,2020-03-07,97,0.63427734375,0.229931640625,2020-03-17,10,0.9796942833563,287,2020-06-22,-26.507244868999,3.06154463548844,0.703945980884524
"288",3,2020-02-19,2020-03-03,67,0.78427734375,0.104931640625,2020-03-17,14,1.79980845963552,288,2020-05-23,-25.5999365332269,5.62440143636101,0.590177670250967
"289",3,2020-01-29,2020-03-08,102,0.69521484375,0.257275390625,2020-03-17,9,0.980381385364677,289,2020-06-27,-26.7085341737211,3.06369182926462,0.788212512128675
"290",7,2020-02-12,2020-03-03,72,0.84521484375,0.132275390625,2020-03-17,14,1.09785186557721,290,2020-05-28,-26.1260583922689,3.43078707992877,0.453808701148781
"291",9,2020-02-05,2020-03-01,117,0.77021484375,0.194775390625,2020-03-17,16,0.92202398526264,291,2020-07-12,-26.8568507320986,2.88132495394575,0.561211193422343
"292",5,2020-02-19,2020-03-06,87,0.62021484375,0.069775390625,2020-03-17,11,1.72337382694687,292,2020-06-12,-26.1600265656542,5.38554320920895,0.375778381150371
"293",6,2020-02-09,2020-03-04,94,0.80771484375,0.101025390625,2020-03-17,13,1.07953064127976,293,2020-06-19,-26.9036671070366,3.37353325399924,0.3408125147717
"294",9,2020-02-22,2020-03-09,64,0.65771484375,0.226025390625,2020-03-17,8,1.52560355296478,294,2020-05-20,-24.4666640943752,4.76751110301494,1.07757855936798
"295",8,2020-02-02,2020-03-07,109,0.73271484375,0.163525390625,2020-03-17,10,0.84546769959867,295,2020-07-04,-27.3699381273553,2.64208656124584,0.43204823699279
"296",4,2020-02-15,2020-03-02,79,0.88271484375,0.288525390625,2020-03-17,15,1.21828439825607,296,2020-06-04,-24.5531657699149,3.80713874455022,1.09845619343492
"297",5,2020-02-07,2020-03-06,61,0.82646484375,0.272900390625,2020-03-17,11,0.992907393471817,297,2020-05-17,-25.6736328560663,3.10283560459943,0.846765048540342
"298",8,2020-02-20,2020-03-02,91,0.67646484375,0.147900390625,2020-03-17,15,1.62290524652095,298,2020-06-16,-24.8774684192056,5.07157889537797,0.750088499711908
"299",10,2020-01-31,2020-03-04,76,0.60146484375,0.210400390625,2020-03-17,13,0.837016982469916,299,2020-06-01,-27.8968347431889,2.61567807021849,0.550339687723216
"300",6,2020-02-14,2020-03-08,106,0.75146484375,0.085400390625,2020-03-17,9,1.23294145018804,300,2020-07-01,-26.5883702777811,3.85294203183763,0.329042754574415
"301",6,2020-02-04,2020-03-03,68,0.63896484375,0.054150390625,2020-03-17,14,1.00736620560163,301,2020-05-24,-28.3401535177838,3.14801939250509,0.170466479799226
"302",9,2020-02-17,2020-03-07,98,0.78896484375,0.179150390625,2020-03-17,10,1.19056554509515,302,2020-06-23,-25.3309955017264,3.72051732842235,0.666532132713945
"303",7,2020-02-10,2020-03-09,83,0.86396484375,0.116650390625,2020-03-17,8,1.01289609552398,303,2020-06-08,-26.6024641063236,3.16530029851245,0.369233516266906
"304",4,2020-02-24,2020-03-05,113,0.71396484375,0.241650390625,2020-03-17,12,1.93420452294163,304,2020-07-08,-24.2047567336366,6.04438913419259,1.46062899536715
"305",4,2020-02-11,2020-03-02,111,0.62958984375,0.186962890625,2020-03-17,15,1.33085289415229,305,2020-07-06,-25.9564013614752,4.1589152942259,0.777562825272996
"306",7,2020-02-25,2020-03-06,81,0.77958984375,0.061962890625,2020-03-17,11,2.01845398806501,306,2020-06-06,-25.3687702935226,6.30766871270315,0.39084138654396
"307",9,2020-02-04,2020-03-09,96,0.85458984375,0.249462890625,2020-03-17,8,0.832860202966955,307,2020-06-21,-26.3334532635732,2.60268813427173,0.649274105370815
"308",5,2020-02-18,2020-03-04,66,0.70458984375,0.124462890625,2020-03-17,13,1.57022570681388,308,2020-05-22,-25.2497489671376,4.90695533379337,0.610733845011685
"309",6,2020-02-01,2020-03-07,119,0.89208984375,0.155712890625,2020-03-17,10,0.849754635788995,309,2020-07-14,-27.059482141461,2.65548323684061,0.413492970814683
"310",10,2020-02-14,2020-03-03,89,0.74208984375,0.280712890625,2020-03-17,14,1.1071723794881,310,2020-06-14,-24.8679942841269,3.45991368590032,0.971242372082078
"311",8,2020-02-08,2020-03-05,104,0.66708984375,0.093212890625,2020-03-17,12,1.04210820630949,311,2020-06-29,-27.492506628159,3.25658814471716,0.303555994544193
"312",4,2020-02-21,2020-03-10,74,0.81708984375,0.218212890625,2020-03-17,7,1.53756064650145,312,2020-05-30,-24.7543344542714,4.80487702031703,1.04848610370102
"313",4,2020-02-03,2020-03-04,85,0.76083984375,0.233837890625,2020-03-17,13,0.991856017009809,313,2020-06-10,-26.5812577060156,3.09955005315565,0.724792246316525
"314",8,2020-02-16,2020-03-08,115,0.61083984375,0.108837890625,2020-03-17,9,1.30333163166848,314,2020-07-10,-26.0815923438453,4.072911348964,0.443287079923865
"315",9,2020-02-09,2020-03-06,70,0.68583984375,0.296337890625,2020-03-17,11,0.971920640920621,315,2020-05-26,-25.6203963595431,3.03725200287694,0.900052851829109
"316",6,2020-02-23,2020-03-01,100,0.83583984375,0.171337890625,2020-03-17,16,1.73412621139671,316,2020-06-25,-24.4876953633187,5.41914441061471,0.928504772306983
"317",5,2020-02-06,2020-03-09,78,0.72333984375,0.140087890625,2020-03-17,8,1.03127624222794,317,2020-06-03,-26.6086650652665,3.2227382569623,0.451466604454338
"318",8,2020-02-20,2020-03-05,108,0.87333984375,0.265087890625,2020-03-17,12,1.30052353503495,318,2020-07-03,-24.4472214326792,4.06413604698423,1.07735325190808
"319",7,2020-01-30,2020-03-02,63,0.79833984375,0.077587890625,2020-03-17,15,0.841433392330491,319,2020-05-19,-28.377889405486,2.62947935103278,0.204015756288628
"320",3,2020-02-13,2020-03-07,93,0.64833984375,0.202587890625,2020-03-17,10,1.40236975532298,320,2020-06-18,-25.4528956543624,4.38240548538431,0.887822283147436
"321",3,2020-02-02,2020-03-03,115,0.84755859375,0.220166015625,2020-03-17,14,0.998823339124619,321,2020-07-10,-26.5758665289176,3.12132293476443,0.687209234026017
"322",7,2020-02-16,2020-03-07,85,0.69755859375,0.095166015625,2020-03-17,10,1.32221798600876,322,2020-06-10,-25.9376207569578,4.13193120627739,0.393219429738019
"323",8,2020-02-09,2020-03-09,100,0.62255859375,0.282666015625,2020-03-17,8,0.998522801963201,323,2020-06-25,-25.6128970025663,3.120383756135,0.882026443567653
"324",5,2020-02-22,2020-03-05,70,0.77255859375,0.157666015625,2020-03-17,12,0.579238434430259,324,2020-05-26,-151.886495717644,1.81012010759456,0.285394425167131
"325",6,2020-02-05,2020-03-06,107,0.66005859375,0.126416015625,2020-03-17,11,0.989661655127192,325,2020-07-02,-27.448627189714,3.09269267227247,0.39096588518132
"326",9,2020-02-19,2020-03-02,77,0.81005859375,0.251416015625,2020-03-17,15,0.346484027912322,326,2020-06-02,-184.560086671955,1.08276258722601,0.272223855548179
"327",8,2020-01-30,2020-03-04,92,0.88505859375,0.063916015625,2020-03-17,13,0.790880384914525,327,2020-06-17,-28.4544256426717,2.47150120285789,0.157968509499071
"328",4,2020-02-12,2020-03-08,62,0.73505859375,0.188916015625,2020-03-17,9,1.24105867010726,328,2020-05-18,-25.6337866643727,3.8783083440852,0.732674559729767
"329",4,2020-02-10,2020-03-05,81,0.67880859375,0.204541015625,2020-03-17,12,1.20045382854868,329,2020-06-06,-25.9874969127071,3.75141821421461,0.76731889156958
"330",8,2020-02-24,2020-03-10,111,0.82880859375,0.079541015625,2020-03-17,7,0.305704279574424,330,2020-07-06,-218.701202116509,0.955325873670076,0.0759875902445583
"331",10,2020-02-04,2020-03-08,66,0.75380859375,0.267041015625,2020-03-17,9,0.861205813332898,331,2020-05-22,-26.434497893523,2.69126816666531,0.718678984545535
"332",6,2020-02-17,2020-03-03,96,0.60380859375,0.142041015625,2020-03-17,14,1.55562984346353,332,2020-06-21,-25.4673580534611,4.86134326082352,0.690510134069122
"333",5,2020-01-31,2020-03-09,88,0.79130859375,0.173291015625,2020-03-17,8,0.869667177232001,333,2020-06-13,-27.2232702955862,2.71770992885,0.470954713744564
"334",9,2020-02-14,2020-03-04,118,0.64130859375,0.298291015625,2020-03-17,13,1.15034763363514,334,2020-07-13,-25.0254403157554,3.59483635510982,1.07230738737138
"335",7,2020-02-07,2020-03-02,73,0.71630859375,0.110791015625,2020-03-17,15,1.04740233228365,335,2020-05-29,-27.1047965323578,3.27313228838642,0.362633650505311
"336",4,2020-02-21,2020-03-07,103,0.86630859375,0.235791015625,2020-03-17,10,1.54694288966541,336,2020-06-28,-24.4734330282072,4.8341965302044,1.13986010958775
"337",4,2020-02-08,2020-03-10,90,0.78193359375,0.290478515625,2020-03-17,7,1.05403526939483,337,2020-06-15,-25.2323287856884,3.29386021685883,0.956795626469395
"338",7,2020-02-21,2020-03-05,60,0.63193359375,0.165478515625,2020-03-17,12,1.66618642012316,338,2020-05-16,-24.9010848088726,5.20683256288486,0.861618923614101
"339",9,2020-02-01,2020-03-03,105,0.70693359375,0.227978515625,2020-03-17,14,0.867232428236659,339,2020-06-30,-27.2417303633815,2.71010133823956,0.617844880285181
"340",6,2020-02-15,2020-03-07,75,0.85693359375,0.102978515625,2020-03-17,10,1.22512870491961,340,2020-05-31,-25.956567868408,3.82852720287377,0.394256048381874
"341",6,2020-02-05,2020-03-04,98,0.74443359375,0.071728515625,2020-03-17,13,1.00606791812226,341,2020-06-23,-27.722859799397,3.14396224413205,0.225511744952636
"342",10,2020-02-18,2020-03-09,68,0.89443359375,0.196728515625,2020-03-17,8,1.18313980557489,342,2020-05-24,-25.0186038634264,3.69731189242154,0.727366680398748
"343",8,2020-02-11,2020-03-06,113,0.81943359375,0.134228515625,2020-03-17,11,1.03864877367973,343,2020-07-08,-26.2914715058284,3.24577741774917,0.435675884833616
"344",5,2020-02-25,2020-03-02,83,0.66943359375,0.259228515625,2020-03-17,15,2.09290627425219,344,2020-06-08,-24.2468872800292,6.5403321070381,1.69544058380202
"345",4,2020-01-31,2020-03-07,71,0.61318359375,0.243603515625,2020-03-17,10,0.9630450924456,345,2020-05-27,-26.8762779197053,3.0095159138925,0.733128656953598
"346",8,2020-02-13,2020-03-02,101,0.76318359375,0.118603515625,2020-03-17,15,1.17373235689178,346,2020-06-26,-26.3394383001842,3.6679136152868,0.435027449781818
"347",10,2020-02-06,2020-03-05,86,0.83818359375,0.181103515625,2020-03-17,12,0.89416623103684,347,2020-06-11,-26.5338580823604,2.79426947199013,0.506052024981024
"348",6,2020-02-20,2020-03-09,116,0.68818359375,0.056103515625,2020-03-17,8,1.56669182002403,348,2020-07-11,-26.1653433646401,4.89591193757508,0.274677871888368
"349",5,2020-02-10,2020-03-01,64,0.87568359375,0.087353515625,2020-03-17,16,1.10566586536118,349,2020-05-20,-26.7383316798711,3.45520582925367,0.301824376393302
"350",9,2020-02-23,2020-03-06,94,0.72568359375,0.212353515625,2020-03-17,11,1.58627598663486,350,2020-06-19,-24.3430025012669,4.95711245823395,1.05266025785447
"351",7,2020-02-03,2020-03-08,79,0.65068359375,0.149853515625,2020-03-17,9,0.905124207186979,351,2020-06-04,-27.2209304887038,2.82851314745931,0.423862639138311
"352",3,2020-02-16,2020-03-03,109,0.80068359375,0.274853515625,2020-03-17,14,1.4239638775506,352,2020-07-04,-24.8267172381208,4.44988711734562,1.22306711833684
"353",3,2020-02-08,2020-03-07,89,0.72099609375,0.060009765625,2020-03-17,10,1.20814891484515,353,2020-06-14,-27.3872623103847,3.77546535889109,0.226564791312361
"354",7,2020-02-22,2020-03-03,119,0.87099609375,0.185009765625,2020-03-17,14,1.53648201385908,354,2020-07-14,-24.7051937203576,4.80150629330963,0.888325553972176
"355",9,2020-02-02,2020-03-05,74,0.79599609375,0.122509765625,2020-03-17,12,0.837995339983387,355,2020-05-30,-27.580675985868,2.61873543744808,0.320820664675647
"356",5,2020-02-15,2020-03-10,104,0.64599609375,0.247509765625,2020-03-17,7,1.2625690842095,356,2020-06-29,-24.9905310013332,3.94552838815467,0.976556806618947
"357",6,2020-01-29,2020-03-02,82,0.75849609375,0.278759765625,2020-03-17,15,0.868768905435168,357,2020-06-07,-26.7351672445853,2.7149028294849,0.75680567644186
"358",9,2020-02-12,2020-03-06,112,0.60849609375,0.153759765625,2020-03-17,11,1.14314425361035,358,2020-07-07,-26.4884234397518,3.57232579253236,0.549279976595917
"359",8,2020-02-05,2020-03-08,67,0.68349609375,0.216259765625,2020-03-17,9,0.90070984506312,359,2020-05-23,-26.5966643474826,2.81471826582225,0.608710312467126
"360",4,2020-02-18,2020-03-04,97,0.83349609375,0.091259765625,2020-03-17,13,1.55311223138176,360,2020-06-22,-25.6919459022191,4.85347572306801,0.442927056953814
"361",5,2020-02-03,2020-03-09,108,0.88974609375,0.106884765625,2020-03-17,8,0.911963300226718,361,2020-07-03,-27.2109529975321,2.8498853132085,0.30460932376042
"362",8,2020-02-17,2020-03-04,78,0.73974609375,0.231884765625,2020-03-17,13,1.28711988700394,362,2020-06-03,-24.8930156256837,4.02224964688732,0.932698416653705
"363",10,2020-02-10,2020-03-02,93,0.66474609375,0.169384765625,2020-03-17,15,1.0670916441332,363,2020-06-18,-26.5584066837996,3.33466138791625,0.564840837630932
"364",6,2020-02-24,2020-03-07,63,0.81474609375,0.294384765625,2020-03-17,10,0.357426869791704,364,2020-05-19,-154.922571303556,1.11695896809908,0.328815704036588
"365",5,2020-02-07,2020-03-03,115,0.62724609375,0.263134765625,2020-03-17,14,1.12171966674943,365,2020-07-10,-26.0161246438734,3.50537395859196,0.922385755022074
"366",9,2020-02-20,2020-03-08,85,0.77724609375,0.138134765625,2020-03-17,9,1.43877637467231,366,2020-06-10,-25.0892476600262,4.49617617085096,0.621078241569207
"367",7,2020-01-31,2020-03-06,100,0.85224609375,0.200634765625,2020-03-17,11,0.841265357223089,367,2020-06-25,-26.9337805015048,2.62895424132215,0.52745961804652
"368",4,2020-02-13,2020-03-01,70,0.70224609375,0.075634765625,2020-03-17,16,1.40625372276151,368,2020-05-26,-26.555726828371,4.39454288362972,0.332380221032346
"369",4,2020-02-01,2020-03-05,65,0.65537109375,0.130322265625,2020-03-17,12,0.998991751780238,369,2020-05-21,-27.797224248056,3.12184922431324,0.406846463852151
"370",7,2020-02-14,2020-03-09,95,0.80537109375,0.255322265625,2020-03-17,8,1.12374728620323,370,2020-06-20,-25.0597948870384,3.5117102693851,0.896617822197984
"371",9,2020-02-08,2020-03-07,80,0.88037109375,0.067822265625,2020-03-17,10,0.912388603602734,371,2020-06-05,-27.21789979612,2.85121438625854,0.193375819458648
"372",5,2020-02-21,2020-03-03,110,0.73037109375,0.192822265625,2020-03-17,14,1.72470159872693,372,2020-07-05,-24.4858478006822,5.38969249602165,1.03925271810496
"373",6,2020-02-11,2020-03-08,72,0.84287109375,0.224072265625,2020-03-17,9,1.05198205293992,373,2020-05-28,-25.697212097388,3.28744391543724,0.736625006247143
"374",10,2020-02-24,2020-03-04,102,0.69287109375,0.099072265625,2020-03-17,13,1.90158222185322,374,2020-06-27,-25.0224164861611,5.9424444432913,0.588731434347561
"375",8,2020-02-04,2020-03-01,87,0.61787109375,0.286572265625,2020-03-17,16,0.964306735079773,375,2020-06-12,-26.3262654421618,3.01345854712429,0.863573643216428
"376",4,2020-02-18,2020-03-06,117,0.76787109375,0.161572265625,2020-03-17,11,1.52813006523266,376,2020-07-12,-25.1380919826273,4.77540645385206,0.771573240029124
"377",4,2020-02-06,2020-03-03,99,0.82412109375,0.145947265625,2020-03-17,14,1.05937352565288,377,2020-06-24,-26.7869263021653,3.31054226766526,0.483164591701732
"378",7,2020-02-19,2020-03-08,69,0.67412109375,0.270947265625,2020-03-17,9,1.34385764341532,378,2020-05-25,-24.2713804914094,4.19955513567287,1.13785798085199
"379",9,2020-01-30,2020-03-10,114,0.74912109375,0.083447265625,2020-03-17,7,0.798790835819373,379,2020-07-09,-28.2897499804416,2.49622136193554,0.208302847048234
"380",6,2020-02-13,2020-03-05,84,0.89912109375,0.208447265625,2020-03-17,12,1.09811775118752,380,2020-06-09,-25.5522788307273,3.43161797246101,0.715311383029105
"381",5,2020-02-02,2020-03-06,91,0.71162109375,0.177197265625,2020-03-17,11,0.960154561571888,381,2020-06-16,-27.348586824281,3.00048300491215,0.531677384024716
"382",8,2020-02-16,2020-03-02,61,0.86162109375,0.052197265625,2020-03-17,15,1.24860477564584,382,2020-05-17,-26.5198441396302,3.90188992389325,0.203667984796967
"383",7,2020-02-09,2020-03-04,106,0.78662109375,0.239697265625,2020-03-17,13,1.01701277249918,383,2020-07-01,-25.8165346781853,3.17816491405993,0.761797439605478
"384",3,2020-02-23,2020-03-09,76,0.63662109375,0.114697265625,2020-03-17,8,2.11575559336515,384,2020-06-01,-25.0693624941852,6.61173622926609,0.758348066530568
"385",3,2020-01-31,2020-03-06,111,0.77138671875,0.076611328125,2020-03-17,11,1.05079878509615,385,2020-07-06,-28.0920609547117,3.28374620342548,0.251572157869852
"386",7,2020-02-14,2020-03-02,81,0.62138671875,0.201611328125,2020-03-17,15,1.30902825543916,386,2020-06-06,-25.5208060347529,4.09071329824737,0.824734141038251
"387",8,2020-02-07,2020-03-04,96,0.69638671875,0.139111328125,2020-03-17,13,1.00742112304867,387,2020-06-21,-27.0580433025896,3.14819100952708,0.437949032526497
"388",5,2020-02-20,2020-03-09,66,0.84638671875,0.264111328125,2020-03-17,8,1.38045211232722,388,2020-05-22,-24.2127599782627,4.31391285102257,1.13935325249908
"389",6,2020-02-10,2020-03-03,118,0.73388671875,0.295361328125,2020-03-17,14,1.0601520207189,389,2020-07-13,-25.1118663171501,3.31297506474656,0.978524715168551
"390",9,2020-02-24,2020-03-07,88,0.88388671875,0.170361328125,2020-03-17,10,1.57686035334481,390,2020-06-13,-24.6369056299773,4.92768860420252,0.839487575198368
"391",7,2020-02-04,2020-03-10,103,0.80888671875,0.232861328125,2020-03-17,7,0.876835274256691,391,2020-06-28,-26.4510211783835,2.74011023205216,0.638065707844568
"392",4,2020-02-17,2020-03-05,73,0.65888671875,0.107861328125,2020-03-17,12,1.5822457307873,392,2020-05-29,-25.6210551653583,4.94451790871031,0.533322268571342
"393",4,2020-02-05,2020-03-08,84,0.60263671875,0.092236328125,2020-03-17,9,1.05867154067662,393,2020-06-09,-27.764660671316,3.30834856461443,0.305149923757649
"394",8,2020-02-19,2020-03-03,114,0.75263671875,0.217236328125,2020-03-17,14,1.39178565058987,394,2020-07-09,-24.9322626160574,4.34933015809335,0.944832513347526
"395",10,2020-01-30,2020-03-01,69,0.82763671875,0.154736328125,2020-03-17,16,0.782028387386989,395,2020-05-25,-27.845162486348,2.44383871058434,0.378150628605556
"396",6,2020-02-12,2020-03-06,99,0.67763671875,0.279736328125,2020-03-17,11,1.13187266826646,396,2020-06-24,-25.3779820258195,3.53710208833268,0.989455950393454
"397",5,2020-02-02,2020-03-05,77,0.86513671875,0.248486328125,2020-03-17,12,0.895622987005425,397,2020-06-02,-26.6619707345848,2.79882183439195,0.695468960704133
"398",9,2020-02-15,2020-03-09,107,0.71513671875,0.123486328125,2020-03-17,8,1.19029025793831,398,2020-07-02,-26.1758192861614,3.71965705605723,0.459326791736755
"399",7,2020-02-09,2020-03-07,62,0.64013671875,0.185986328125,2020-03-17,10,1.05056745242889,399,2020-05-18,-26.2822986265442,3.28302328884028,0.610597446640264
"400",4,2020-02-22,2020-03-02,92,0.79013671875,0.060986328125,2020-03-17,15,2.0069350452109,400,2020-06-17,-25.6617245200694,6.27167201628406,0.38248624747748
"401",4,2020-02-10,2020-03-04,105,0.85576171875,0.115673828125,2020-03-17,13,1.19115190539872,401,2020-06-30,-26.4388888186362,3.72234970437101,0.430578439924557
"402",7,2020-02-23,2020-03-08,75,0.70576171875,0.240673828125,2020-03-17,9,1.59155048540342,402,2020-05-31,-24.0706775291398,4.97359526688569,1.19701421242576
"403",9,2020-02-03,2020-03-06,120,0.63076171875,0.053173828125,2020-03-17,11,0.901625627364032,403,2020-07-15,-28.7025892645485,2.8175800855126,0.14982151919547
"404",6,2020-02-16,2020-03-01,90,0.78076171875,0.178173828125,2020-03-17,16,1.33836632633445,404,2020-06-15,-25.4811529838773,4.18239476979514,0.745193286864379
"405",6,2020-01-30,2020-03-09,97,0.66826171875,0.209423828125,2020-03-17,8,0.855691832819798,405,2020-06-22,-27.49692680089,2.67403697756187,0.560007060388811
"406",10,2020-02-13,2020-03-05,67,0.81826171875,0.084423828125,2020-03-17,12,1.06946418892968,406,2020-05-23,-26.4743450746909,3.34207559040524,0.28215081522513
"407",8,2020-02-06,2020-03-03,112,0.89326171875,0.271923828125,2020-03-17,14,0.889677573883943,407,2020-07-07,-25.9388945087275,2.78024241838732,0.756014161523389
"408",5,2020-02-20,2020-03-07,82,0.74326171875,0.146923828125,2020-03-17,10,1.58737167048997,408,2020-06-07,-25.3297243084929,4.96053647028117,0.728821007767384
"409",4,2020-02-04,2020-03-02,64,0.68701171875,0.162548828125,2020-03-17,15,1.09710550604941,409,2020-05-20,-27.0252117397245,3.42845470640439,0.557291294805675
"410",8,2020-02-18,2020-03-07,94,0.83701171875,0.287548828125,2020-03-17,10,1.2278358746176,410,2020-06-19,-24.6721972792315,3.83698710817999,1.10332114648789
"411",9,2020-02-11,2020-03-09,79,0.76201171875,0.100048828125,2020-03-17,8,1.00121104685382,411,2020-06-04,-26.8246522491851,3.12878452141818,0.313031224823528
"412",6,2020-02-25,2020-03-04,109,0.61201171875,0.225048828125,2020-03-17,13,2.04741140469408,412,2020-07-04,-24.1097334378025,6.39816063966901,1.43989855411301
"413",5,2020-02-08,2020-03-08,71,0.79951171875,0.193798828125,2020-03-17,9,1.01919419398098,413,2020-05-27,-26.2259992731663,3.18498185619057,0.61724575132912
"414",9,2020-02-21,2020-03-03,101,0.64951171875,0.068798828125,2020-03-17,14,1.71848688611018,414,2020-06-26,-25.9256845611748,5.37027151909432,0.369468387226753
"415",7,2020-02-01,2020-03-05,86,0.72451171875,0.256298828125,2020-03-17,12,0.88101565989055,415,2020-06-11,-26.8739162751842,2.75317393715797,0.705635253717879
"416",3,2020-02-15,2020-03-10,116,0.87451171875,0.131298828125,2020-03-17,7,1.36510393334721,416,2020-07-11,-25.7697188351128,4.26594979171002,0.560114208491614
"417",3,2020-02-07,2020-03-01,76,0.64482421875,0.236767578125,2020-03-17,16,1.27582393053733,417,2020-06-01,-25.8345048281922,3.98694978292916,0.943980444210132
"418",7,2020-02-20,2020-03-06,106,0.79482421875,0.111767578125,2020-03-17,11,1.53249842058367,418,2020-07-01,-25.3844178939922,4.78905756432396,0.535261365465701
"419",9,2020-01-31,2020-03-08,61,0.86982421875,0.299267578125,2020-03-17,9,0.793576549105871,419,2020-05-17,-26.5718038432963,2.47992671595585,0.742161662211591
"420",5,2020-02-13,2020-03-04,91,0.71982421875,0.174267578125,2020-03-17,13,1.26093574955328,420,2020-06-16,-25.8534976509729,3.940424217354,0.686688185143381
"421",6,2020-02-03,2020-03-07,83,0.83232421875,0.143017578125,2020-03-17,10,0.908813422361431,421,2020-06-08,-27.0568442499203,2.84004194487947,0.406175920730077
"422",10,2020-02-17,2020-03-02,113,0.68232421875,0.268017578125,2020-03-17,15,1.27169479880199,422,2020-07-08,-24.7047816736157,3.97404624625622,1.06511425027834
"423",8,2020-02-10,2020-03-05,68,0.60732421875,0.080517578125,2020-03-17,12,1.12737929192362,423,2020-05-24,-27.4303369184532,3.5230602872613,0.283668281918647
"424",4,2020-02-23,2020-03-09,98,0.75732421875,0.205517578125,2020-03-17,8,1.72662241276036,424,2020-06-23,-24.424821992371,5.39569503987612,1.10891017689641
"425",5,2020-01-29,2020-03-04,117,0.81357421875,0.189892578125,2020-03-17,13,0.869048442718809,425,2020-07-12,-27.2176727573553,2.71577638349628,0.515705779073097
"426",8,2020-02-12,2020-03-09,87,0.66357421875,0.064892578125,2020-03-17,8,1.07849995721541,426,2020-06-12,-27.0924123287927,3.37031236629815,0.218708258535656
"427",10,2020-02-05,2020-03-06,102,0.73857421875,0.252392578125,2020-03-17,11,0.887813755658108,427,2020-06-27,-26.4994197717746,2.77441798643159,0.70024250839184
"428",6,2020-02-18,2020-03-02,72,0.88857421875,0.127392578125,2020-03-17,15,1.38938365201136,428,2020-05-28,-25.42104965553,4.34182391253549,0.553116141982671
"429",6,2020-02-08,2020-03-10,110,0.70107421875,0.158642578125,2020-03-17,7,1.03731593286345,429,2020-07-05,-26.4293754894377,3.24161229019829,0.514257730998743
"430",9,2020-02-22,2020-03-05,80,0.85107421875,0.283642578125,2020-03-17,12,1.22334615535601,430,2020-06-05,-25.2213154636652,3.82295673548752,1.08435330451401
"431",7,2020-02-02,2020-03-03,95,0.77607421875,0.096142578125,2020-03-17,14,0.897225342956345,431,2020-06-20,-28.0626904657764,2.80382919673858,0.269567367596595
"432",4,2020-02-15,2020-03-08,65,0.62607421875,0.221142578125,2020-03-17,9,1.40918485345341,432,2020-05-21,-25.1797205929411,4.4037026670419,0.973846161085584
"433",4,2020-02-02,2020-03-08,70,0.72919921875,0.275830078125,2020-03-17,9,0.946728512496652,433,2020-05-26,-26.1620405361023,2.95852660155204,0.816050623640989
"434",7,2020-02-16,2020-03-04,100,0.87919921875,0.150830078125,2020-03-17,13,0.819558309717141,434,2020-06-25,-32.3559811319355,2.56111971786606,0.386293887133217
"435",9,2020-02-09,2020-03-02,85,0.80419921875,0.213330078125,2020-03-17,15,0.978252024867936,435,2020-06-10,-26.0771660946135,3.0570375777123,0.652158065284426
"436",5,2020-02-23,2020-03-06,115,0.65419921875,0.088330078125,2020-03-17,11,2.07270606965337,436,2020-07-10,-25.2337491619584,6.47720646766677,0.572132153320761
"437",6,2020-02-06,2020-03-05,63,0.76669921875,0.057080078125,2020-03-17,12,1.00097181081793,437,2020-05-19,-27.9012251682494,3.12803690880604,0.178548591132533
"438",10,2020-02-19,2020-03-09,93,0.61669921875,0.182080078125,2020-03-17,8,1.34144653979727,438,2020-06-18,-25.15562780024,4.19202043686646,0.763283408646241
"439",8,2020-01-30,2020-03-07,78,0.69169921875,0.119580078125,2020-03-17,10,0.819091584349202,439,2020-06-03,-28.1509452866728,2.55966120109126,0.306084486400024
"440",5,2020-02-12,2020-03-03,108,0.84169921875,0.244580078125,2020-03-17,14,1.13778830569644,440,2020-07-03,-25.3850429172385,3.55558845530139,0.869626102177962
"441",4,2020-02-11,2020-03-06,97,0.89794921875,0.260205078125,2020-03-17,11,1.09143242900596,441,2020-06-22,-25.2193751713223,3.41072634064362,0.887488313930169
"442",8,2020-02-24,2020-03-01,67,0.74794921875,0.135205078125,2020-03-17,16,1.90238697515345,442,2020-05-23,-24.6080373337687,5.94495929735453,0.803788686248765
"443",9,2020-02-04,2020-03-03,112,0.67294921875,0.197705078125,2020-03-17,14,0.944026816472944,443,2020-07-07,-26.8174464296743,2.95008380147795,0.583246548446495
"444",6,2020-02-18,2020-03-08,82,0.82294921875,0.072705078125,2020-03-17,9,1.40992341308244,444,2020-06-07,-26.1033855097271,4.40601066588263,0.32033934968258
"445",5,2020-02-01,2020-03-02,104,0.63544921875,0.103955078125,2020-03-17,15,1.03368302134411,445,2020-06-29,-27.9329591044216,3.23025944170035,0.335801872625978
"446",8,2020-02-14,2020-03-07,74,0.78544921875,0.228955078125,2020-03-17,10,1.11415533758556,446,2020-05-30,-25.2416046893151,3.48173542995487,0.797161007375898
"447",7,2020-02-07,2020-03-09,119,0.86044921875,0.166455078125,2020-03-17,8,0.919189820794951,447,2020-07-14,-26.4496647172426,2.87246818998422,0.478136916975401
"448",3,2020-02-21,2020-03-04,89,0.71044921875,0.291455078125,2020-03-17,13,1.7503408224895,448,2020-06-14,-24.4763358894624,5.46981507027968,1.59420537863767
"449",3,2020-02-10,2020-03-09,66,0.79248046875,0.242626953125,2020-03-17,8,1.19583139769143,449,2020-05-22,-25.4736411560652,3.73697311778573,0.906690401478383
"450",7,2020-02-24,2020-03-05,96,0.64248046875,0.117626953125,2020-03-17,12,2.00812036833642,450,2020-06-21,-24.6584874436271,6.27537615105132,0.738153376361456
"451",8,2020-02-03,2020-03-02,81,0.71748046875,0.180126953125,2020-03-17,15,0.931315066989454,451,2020-06-06,-27.140440200878,2.91035958434204,0.524234204425674
"452",5,2020-02-17,2020-03-07,111,0.86748046875,0.055126953125,2020-03-17,10,1.38708622955139,452,2020-07-06,-26.0814020433912,4.3346444673481,0.238955742365039
"453",6,2020-01-31,2020-03-04,74,0.67998046875,0.086376953125,2020-03-17,13,0.927860413306355,453,2020-05-30,-28.6305279434004,2.89956379158236,0.250455485708457
"454",9,2020-02-14,2020-03-08,104,0.82998046875,0.211376953125,2020-03-17,9,1.06471528768351,454,2020-06-29,-25.5180421565651,3.32723527401095,0.70330085455046
"455",8,2020-02-07,2020-03-06,89,0.75498046875,0.148876953125,2020-03-17,11,0.967238156510815,455,2020-06-14,-26.8535231683669,3.0226192390963,0.449998342773662
"456",4,2020-02-20,2020-03-01,119,0.60498046875,0.273876953125,2020-03-17,16,1.76038926988287,456,2020-07-14,-24.3330797653081,5.50121646838396,1.50665640484207
"457",4,2020-02-02,2020-03-07,100,0.66123046875,0.289501953125,2020-03-17,10,0.990564852282634,457,2020-06-25,-26.1169257368092,3.09551516338323,0.896157685727499
"458",8,2020-02-15,2020-03-03,70,0.81123046875,0.164501953125,2020-03-17,14,1.20272594808815,458,2020-05-26,-25.4472660436143,3.75851858777547,0.618283648545682
"459",10,2020-02-08,2020-03-05,115,0.88623046875,0.227001953125,2020-03-17,12,0.902626459040037,459,2020-07-10,-25.9682170062748,2.82070768450012,0.640306153576223
"460",6,2020-02-22,2020-03-10,85,0.73623046875,0.102001953125,2020-03-17,7,1.64686088104493,460,2020-06-10,-25.0717732320985,5.14644025326541,0.524946957474191
"461",5,2020-02-05,2020-03-02,92,0.84873046875,0.070751953125,2020-03-17,15,0.981145985100561,461,2020-06-17,-27.446602811221,3.06608120343925,0.216931233583178
"462",9,2020-02-19,2020-03-06,62,0.69873046875,0.195751953125,2020-03-17,11,1.37242311106306,462,2020-05-18,-24.9926452289221,4.28882222207207,0.839545326576509
"463",7,2020-01-29,2020-03-09,107,0.62373046875,0.133251953125,2020-03-17,8,0.866892224944005,463,2020-07-02,-27.9998341663414,2.70903820295002,0.36098463163333
"464",4,2020-02-12,2020-03-04,77,0.77373046875,0.258251953125,2020-03-17,13,1.19477805522414,464,2020-06-02,-25.1765142706333,3.73368142257545,0.964230519726638
"465",4,2020-01-30,2020-03-03,87,0.87685546875,0.203564453125,2020-03-17,14,0.903536988555893,465,2020-06-12,-26.865770131007,2.82355308923716,0.574775040479968
"466",7,2020-02-13,2020-03-08,117,0.72685546875,0.078564453125,2020-03-17,9,1.18131412790112,466,2020-07-12,-26.6334781322777,3.69160664969099,0.290029057585586
"467",9,2020-02-06,2020-03-10,72,0.65185546875,0.266064453125,2020-03-17,7,0.908141238901092,467,2020-05-28,-26.2173545545036,2.83794137156591,0.755075319026497
"468",6,2020-02-19,2020-03-05,102,0.80185546875,0.141064453125,2020-03-17,12,1.44210986265234,468,2020-06-27,-25.1213260444182,4.50659332078857,0.635720122253817
"469",6,2020-02-09,2020-03-07,79,0.61435546875,0.172314453125,2020-03-17,10,1.10462607980876,469,2020-06-04,-26.38650270045,3.45195649940236,0.594821996405807
"470",10,2020-02-23,2020-03-02,109,0.76435546875,0.297314453125,2020-03-17,15,1.49954330656677,470,2020-07-04,-23.9873350013875,4.68607283302117,1.39323718165361
"471",8,2020-02-03,2020-03-04,64,0.83935546875,0.109814453125,2020-03-17,13,0.885146862416933,471,2020-05-20,-27.5213063821597,2.76608394505292,0.303755995723828
"472",5,2020-02-16,2020-03-09,94,0.68935546875,0.234814453125,2020-03-17,8,1.28513499924589,472,2020-06-19,-24.991223194536,4.01604687264341,0.94302585012413
"473",4,2020-02-08,2020-03-05,105,0.74560546875,0.219189453125,2020-03-17,12,1.16162197510955,473,2020-06-30,-25.8291603668516,3.63006867221736,0.795672767069518
"474",8,2020-02-21,2020-03-09,75,0.89560546875,0.094189453125,2020-03-17,8,1.43601974757021,474,2020-05-31,-25.5775620117692,4.4875617111569,0.422680983438558
"475",10,2020-02-01,2020-03-07,90,0.82060546875,0.281689453125,2020-03-17,10,0.806102804607054,475,2020-06-15,-26.6673815419163,2.51907126439704,0.709595806850906
"476",6,2020-02-14,2020-03-03,60,0.67060546875,0.156689453125,2020-03-17,14,1.31558033584564,476,2020-05-16,-25.7512458788817,4.11118854951763,0.644179885517679
"477",5,2020-02-04,2020-03-08,113,0.78310546875,0.125439453125,2020-03-17,9,0.969493696537224,477,2020-07-08,-26.8330077733251,3.02966780167882,0.380039872193013
"478",9,2020-02-18,2020-03-04,83,0.63310546875,0.250439453125,2020-03-17,13,1.36313794731206,478,2020-06-08,-24.4472214371973,4.25980608535019,1.06682350643365
"479",7,2020-02-11,2020-03-02,98,0.70810546875,0.062939453125,2020-03-17,15,1.17926378430293,479,2020-06-23,-27.1031499961344,3.68519932594665,0.231944430231701
"480",3,2020-02-24,2020-03-06,68,0.85810546875,0.187939453125,2020-03-17,11,1.9680209132613,480,2020-05-24,-24.5524895794745,6.15006535394158,1.15583991930279
"481",3,2020-02-04,2020-03-05,93,0.61904296875,0.144970703125,2020-03-17,12,1.1415827338123,481,2020-06-18,-27.0692017840415,3.56744604316344,0.517175161237903
"482",7,2020-02-17,2020-03-10,63,0.76904296875,0.269970703125,2020-03-17,7,1.21089043770653,482,2020-05-19,-24.6253631111715,3.7840326178329,1.02157794648428
"483",9,2020-02-11,2020-03-08,108,0.84404296875,0.082470703125,2020-03-17,9,0.998408261436816,483,2020-07-03,-26.8387845772388,3.12002581699005,0.257310722895322
"484",5,2020-02-24,2020-03-03,78,0.69404296875,0.207470703125,2020-03-17,14,0.16852571937949,484,2020-06-03,-306.971734222527,0.526642873060906,0.109262967169716
"485",6,2020-02-07,2020-03-09,101,0.88154296875,0.176220703125,2020-03-17,8,0.97419280267974,485,2020-06-26,-26.2669664977373,3.04435250837419,0.536477939586057
"486",9,2020-02-21,2020-03-04,71,0.73154296875,0.051220703125,2020-03-17,13,1.62541110324241,486,2020-05-27,-25.8393331737087,5.07940969763254,0.260170936172682
"487",8,2020-01-31,2020-03-02,116,0.65654296875,0.238720703125,2020-03-17,15,0.925118632224855,487,2020-07-11,-27.4517832345836,2.89099572570267,0.690140532371112
"488",4,2020-02-14,2020-03-06,86,0.80654296875,0.113720703125,2020-03-17,11,1.32401956770181,488,2020-06-11,-25.8726309932199,4.13756114906816,0.470526363094714
"489",5,2020-02-09,2020-03-03,74,0.75029296875,0.129345703125,2020-03-17,14,1.14236086191616,489,2020-05-30,-26.3506129440956,3.56987769348799,0.461748340334457
"490",8,2020-02-22,2020-03-07,104,0.60029296875,0.254345703125,2020-03-17,10,1.60648331117759,490,2020-06-29,-24.2336910512531,5.02026034742996,1.27688164793763
"491",10,2020-02-02,2020-03-09,89,0.67529296875,0.066845703125,2020-03-17,8,0.849160424049791,491,2020-06-14,-28.4532746945924,2.6536263251556,0.177383517536036
"492",6,2020-02-16,2020-03-05,119,0.82529296875,0.191845703125,2020-03-17,12,1.25578978273613,492,2020-07-14,-25.3378924671949,3.92434307105042,0.752868355769389
"493",5,2020-01-30,2020-03-06,67,0.71279296875,0.223095703125,2020-03-17,11,0.889205954785554,493,2020-05-23,-26.9646285363341,2.77876860870486,0.619931336580688
"494",9,2020-02-12,2020-03-01,97,0.86279296875,0.098095703125,2020-03-17,16,1.06572029708358,494,2020-06-22,-26.5939598097657,3.3303759283862,0.326695568365619
"495",7,2020-02-06,2020-03-04,82,0.78779296875,0.285595703125,2020-03-17,13,0.935862278402459,495,2020-06-07,-25.8938836566039,2.92456962000768,0.835244516964108
"496",4,2020-02-19,2020-03-08,112,0.63779296875,0.160595703125,2020-03-17,9,1.63408030640441,496,2020-07-07,-25.1269736354771,5.10650095751377,0.820082111780409
"497",3,2020-02-06,2020-03-07,114,0.70341796875,0.105908203125,2020-03-17,10,1.12274024247545,497,2020-07-09,-27.1841672640992,3.50856325773578,0.371585630177193
"498",7,2020-02-20,2020-03-02,84,0.85341796875,0.230908203125,2020-03-17,15,1.40155941861213,498,2020-06-09,-24.4731337351715,4.37987318316292,1.01134864663952
"499",9,2020-01-31,2020-03-05,99,0.77841796875,0.168408203125,2020-03-17,12,0.821308113610382,499,2020-06-24,-27.4762942461631,2.56658785503244,0.432234448828462
"500",5,2020-02-13,2020-03-09,69,0.62841796875,0.293408203125,2020-03-17,8,1.21293728123776,500,2020-05-25,-25.2797615037678,3.79042900386799,1.11214296309779
