"","day","1","2","3","4","5","6","7","8","9","10","11","12","13","14","15","16","17","18","19","20","21","22","23","24","25","26","27","28","29","30","31","32","33","34","35","36","37","38","39","40","41","42","43","44","45","46","47","48","49","50","median"
"1",1,20,20,20,20,20,20,20,20,20,20,20,20,20,20,20,20,20,20,20,20,20,20,20,20,20,20,20,20,20,20,20,20,20,20,20,20,20,20,20,20,20,20,20,20,20,20,20,20,20,20,20
"2",2,18,15,17,18,13,18,19,16,14,17,18,17,18,16,17,19,17,15,19,19,16,18,13,18,17,16,16,18,15,18,19,17,17,17,16,17,17,16,19,19,17,17,17,18,18,17,17,19,17,18,17
"3",3,15,14,16,13,10,16,17,15,14,17,18,14,17,16,14,15,15,15,17,17,17,16,18,14,17,16,17,19,14,16,17,21,21,16,15,16,15,14,19,16,16,16,16,18,15,16,19,17,15,15,16
"4",4,22,18,19,12,15,15,15,17,17,17,16,15,14,16,17,20,13,14,17,19,19,14,17,16,18,17,19,16,15,16,18,25,19,15,14,15,16,17,20,15,14,15,18,18,16,17,15,16,17,21,16.5
"5",5,24,18,22,14,16,13,17,18,19,17,16,17,14,15,22,27,14,17,17,23,21,17,20,20,17,18,18,15,14,13,14,30,17,13,15,17,18,18,20,16,17,21,19,19,18,18,17,19,18,20,17.5
"6",6,29,18,24,19,18,13,12,21,22,21,18,20,22,22,25,26,16,18,28,22,21,20,19,21,20,17,15,17,11,15,20,35,22,11,16,23,18,14,20,20,16,24,25,26,16,17,23,18,17,17,20
"7",7,33,17,26,23,22,16,24,26,25,25,19,23,18,22,27,28,16,18,27,26,22,25,17,18,25,22,17,20,12,21,21,33,28,9,22,22,21,13,23,20,19,33,27,26,14,19,23,20,18,24,22
"8",8,39,28,30,23,28,20,21,25,24,22,23,25,15,30,27,26,25,16,36,28,23,27,21,23,28,29,27,20,14,21,26,44,32,14,25,26,19,16,26,19,25,36,27,30,18,22,30,23,20,24,25
"9",9,50,29,35,33,31,18,23,28,28,29,30,29,15,39,29,32,33,20,45,27,24,34,22,22,29,29,31,14,21,22,33,54,35,15,30,37,27,24,34,22,29,36,30,33,20,24,36,26,18,24,29
"10",10,53,35,48,35,38,20,27,31,31,41,33,33,19,39,30,37,36,23,58,41,27,39,30,23,27,40,29,21,25,27,31,60,40,20,40,42,29,29,37,30,31,34,48,32,28,30,43,22,21,30,31
"11",11,65,37,53,39,46,24,28,37,38,50,40,36,23,41,40,41,42,22,61,49,29,45,32,23,32,42,41,26,31,29,40,65,43,21,43,51,47,26,46,41,34,47,56,34,31,36,48,26,23,31,39.5
"12",12,91,50,64,40,48,30,27,41,41,53,51,47,35,47,38,53,51,23,71,60,37,55,33,31,36,52,43,30,32,34,49,84,48,36,49,62,51,34,60,41,37,53,56,47,39,41,49,26,32,35,45
"13",13,103,55,70,51,51,34,31,53,53,57,58,54,35,50,44,65,57,26,75,72,44,57,38,33,46,50,50,37,38,33,55,102,57,46,60,64,56,40,64,46,47,57,67,62,47,45,49,35,34,44,50.5
"14",14,114,59,84,59,65,38,30,60,57,60,70,59,45,60,53,74,63,24,77,76,46,76,47,47,55,58,56,43,46,33,58,119,64,54,73,68,68,43,79,56,57,68,75,68,50,44,59,48,44,58,58.5
"15",15,119,71,89,72,76,45,33,73,65,73,77,60,48,66,56,84,84,24,88,84,44,93,65,56,55,61,69,58,43,40,54,141,73,69,79,83,78,45,101,58,69,76,93,77,61,51,65,55,35,66,67.5
"16",16,133,80,119,74,91,48,42,91,84,82,76,78,60,95,59,106,86,28,106,95,60,97,70,61,62,73,80,67,44,47,73,160,85,78,89,100,87,60,108,74,79,94,109,88,66,56,75,58,36,76,78
"17",17,160,90,149,77,102,57,51,93,96,88,95,98,63,117,69,120,100,27,131,98,61,114,67,71,67,76,86,81,48,54,80,180,95,84,107,96,103,72,124,81,86,114,121,93,80,70,92,71,46,90,89
"18",18,192,119,173,95,133,67,57,105,113,106,121,118,79,119,65,142,106,24,145,116,79,129,72,84,78,91,93,93,58,68,98,207,120,111,119,115,116,80,139,99,104,136,142,107,87,86,105,75,48,105,105
"19",19,209,131,202,112,159,88,56,121,123,138,131,128,102,139,75,167,133,27,161,150,109,153,93,96,96,100,107,94,61,80,106,249,147,124,130,148,143,91,168,126,125,152,174,118,102,94,113,86,66,124,123.5
"20",20,257,154,217,142,173,105,67,140,133,180,167,145,112,146,100,180,161,42,195,173,130,183,113,108,109,122,115,120,89,97,131,285,167,146,167,182,153,101,172,147,148,181,196,126,113,108,123,103,71,140,141
"21",21,316,170,259,151,194,124,79,177,183,214,180,172,129,179,100,197,197,48,228,207,153,235,133,122,134,156,137,128,105,128,149,324,183,165,199,217,179,119,204,176,164,182,216,140,140,109,146,103,87,159,164.5
"22",22,341,195,309,197,219,154,91,200,211,238,203,205,144,202,124,233,221,64,246,232,172,263,156,142,139,183,165,158,133,142,178,393,215,197,232,237,206,138,235,196,193,222,245,164,165,133,171,118,89,192,195.5
"23",23,411,206,362,221,278,166,102,229,263,269,241,251,159,244,151,276,249,72,285,256,203,294,189,157,174,214,190,172,150,148,226,438,259,220,279,269,224,162,277,222,208,253,299,173,188,147,200,132,104,221,221
"24",24,484,242,412,256,305,186,114,272,307,305,278,297,193,268,173,299,284,85,323,309,230,336,217,198,208,231,224,195,193,181,251,524,318,262,331,311,274,199,336,248,243,300,324,213,237,189,250,149,110,265,253.5
"25",25,540,273,490,273,355,217,128,318,345,362,298,367,217,331,202,333,360,89,384,367,288,386,254,230,263,268,282,227,222,210,281,614,373,316,391,390,284,225,378,285,281,354,363,237,275,220,294,168,131,305,286.5
"26",26,632,338,555,326,400,240,157,365,412,390,358,410,224,403,234,389,428,96,458,423,317,452,279,279,277,328,334,267,271,240,338,680,431,352,480,444,323,267,424,321,320,419,442,261,316,246,320,183,149,352,336
"27",27,715,381,625,380,471,277,190,410,463,454,421,507,275,474,259,438,507,114,528,481,357,534,282,326,317,387,376,295,278,282,383,784,515,432,574,518,368,311,523,373,374,472,535,308,363,287,373,216,186,425,382
"28",28,797,435,742,413,563,325,230,478,516,535,480,609,348,543,305,509,562,135,605,564,390,621,336,366,378,457,434,346,321,320,438,932,586,509,637,609,432,374,632,420,420,533,618,351,412,318,432,260,221,469,436.5
"29",29,930,504,883,503,638,365,267,541,598,620,549,681,389,598,342,569,675,150,653,670,452,710,401,427,430,520,505,407,356,398,508,1082,676,569,756,691,494,442,719,496,511,666,738,405,469,365,484,298,243,554,509.5
"30",30,1075,611,1031,589,764,423,310,633,699,732,638,768,460,686,371,646,765,165,766,784,540,845,473,521,507,601,578,503,418,443,578,1305,799,646,874,788,569,494,813,576,576,766,880,456,551,409,583,349,302,643,595
"31",31,1216,704,1170,684,907,478,350,714,797,895,744,944,537,772,427,748,936,196,861,894,644,955,549,623,596,698,668,557,505,511,699,1494,903,749,1012,908,663,566,969,649,643,877,997,514,622,486,672,409,373,762,698.5
"32",32,1416,791,1327,759,1035,566,389,850,921,1057,841,1077,623,866,483,870,1072,214,1036,1047,712,1093,635,704,674,801,797,682,578,581,769,1723,1042,876,1180,1042,781,632,1137,730,727,1029,1125,562,716,574,790,475,428,894,794
"33",33,1651,932,1573,873,1195,640,445,1027,1078,1236,985,1241,711,1013,580,996,1247,246,1161,1235,825,1251,738,808,811,932,924,807,675,670,887,2007,1234,1060,1342,1193,910,712,1308,857,806,1179,1272,614,796,628,894,530,497,1017,928
"34",34,1899,1082,1829,963,1381,728,538,1212,1306,1430,1167,1395,838,1157,711,1142,1432,281,1353,1442,994,1460,878,929,936,1084,1053,908,819,795,1017,2319,1447,1245,1565,1429,1092,851,1501,977,961,1387,1484,701,968,765,1035,598,571,1160,1083
"35",35,2141,1214,2108,1148,1630,844,601,1370,1502,1630,1322,1662,972,1335,851,1310,1641,333,1595,1712,1141,1709,1001,1103,1058,1262,1232,1076,928,898,1169,2709,1664,1428,1839,1644,1297,1007,1716,1102,1152,1597,1732,794,1095,907,1185,741,669,1325,1247
"36",36,2470,1411,2494,1332,1898,959,682,1566,1754,1856,1566,1901,1105,1534,968,1539,1885,383,1863,2003,1356,1962,1194,1252,1222,1477,1376,1251,1038,1044,1358,3114,1893,1646,2102,1909,1469,1156,1980,1311,1306,1783,2009,943,1270,1057,1426,841,767,1618,1447.5
"37",37,2954,1638,2875,1551,2263,1114,820,1858,2036,2179,1832,2226,1248,1833,1099,1799,2151,432,2165,2328,1581,2303,1347,1463,1399,1719,1603,1464,1211,1199,1544,3531,2208,1844,2453,2208,1691,1328,2304,1520,1504,2081,2310,1104,1484,1166,1621,981,875,1821,1664.5
"38",38,3419,1928,3360,1822,2577,1269,949,2186,2362,2518,2126,2561,1463,2101,1310,2137,2507,520,2508,2695,1879,2705,1545,1703,1677,2024,1878,1719,1430,1385,1846,4072,2547,2172,2828,2598,1947,1552,2616,1736,1765,2402,2631,1287,1664,1337,1905,1142,1047,2109,1937.5
"39",39,3919,2231,3827,2064,3057,1507,1099,2541,2752,2946,2422,3004,1627,2461,1520,2401,2915,595,2868,3094,2119,3141,1848,1999,1976,2356,2176,1920,1666,1648,2110,4750,2922,2503,3308,3063,2241,1816,3026,1985,2024,2779,3036,1495,1982,1557,2161,1307,1186,2419,2236
"40",40,4521,2582,4510,2404,3550,1764,1266,2948,3156,3433,2832,3477,1935,2824,1779,2708,3318,656,3352,3574,2475,3674,2107,2339,2225,2711,2501,2225,1911,1832,2485,5544,3362,2896,3817,3569,2565,2148,3494,2346,2384,3209,3564,1738,2312,1798,2528,1503,1381,2820,2573.5
"41",41,5211,3014,5133,2763,4089,2027,1455,3377,3648,3989,3343,4109,2250,3252,2068,3173,3842,778,3959,4158,2811,4223,2473,2727,2561,3121,2870,2543,2220,2130,2879,6325,3917,3349,4417,4105,2967,2472,4040,2668,2822,3741,4104,2016,2640,2051,2963,1726,1624,3246,2990.5
"42",42,6061,3499,5952,3248,4741,2351,1714,3945,4265,4603,3876,4779,2581,3850,2417,3702,4488,914,4579,4700,3310,4796,2935,3138,2998,3660,3341,3009,2577,2527,3344,7455,4538,3847,5153,4770,3359,2829,4708,3111,3204,4401,4696,2353,3092,2388,3450,2059,1889,3740,3474.5
"43",43,6992,3996,6851,3688,5480,2698,1916,4540,4866,5372,4437,5468,3077,4450,2813,4220,5178,1012,5343,5527,3875,5494,3364,3610,3446,4219,3797,3507,3009,2911,3908,8484,5274,4519,5988,5571,3928,3189,5419,3644,3749,5125,5455,2714,3567,2814,4000,2383,2188,4255,3998
"44",44,8198,4626,7934,4214,6441,3169,2243,5305,5676,6225,5154,6384,3522,5061,3263,4949,5961,1239,6085,6407,4499,6287,3869,4158,4010,4851,4362,4147,3549,3380,4450,9821,6108,5249,6870,6438,4555,3729,6365,4221,4312,5929,6223,3133,4189,3261,4631,2776,2509,4907,4628.5
"45",45,9393,5325,9166,4948,7505,3730,2582,6076,6650,7156,5914,7415,4124,5786,3745,5699,6866,1455,6958,7451,5179,7246,4444,4746,4607,5694,5065,4788,4109,3959,5225,11394,7171,6061,7921,7453,5292,4302,7353,4914,4988,6911,7316,3657,4881,3799,5376,3199,2931,5707,5350.5
"46",46,10900,6197,10663,5707,8708,4276,3090,7125,7729,8269,6789,8670,4792,6906,4244,6642,7966,1701,8158,8619,5919,8472,5214,5428,5399,6500,5898,5524,4763,4477,6044,13271,8260,6951,9235,8674,6132,4894,8428,5839,5824,7909,8523,4131,5697,4417,6144,3675,3406,6715,6170.5
"47",47,12646,7198,12468,6501,10140,4931,3620,8164,8833,9626,7872,9897,5544,8013,4844,7672,9179,2006,9520,9956,6918,9651,6043,6301,6316,7457,6843,6396,5510,5186,6965,15446,9611,8044,10670,9997,7133,5655,9779,6738,6772,9127,9871,4825,6554,5029,7107,4343,3844,7931,7165.5
"48",48,14545,8381,14381,7432,11759,5696,4171,9425,10271,11158,9082,11534,6492,9330,5618,8777,10750,2328,11085,11582,8076,11161,6957,7262,7214,8739,8041,7376,6332,5991,8138,17775,11176,9321,12378,11596,8231,6540,11365,7764,7820,10479,11303,5647,7579,5792,8120,5049,4510,9160,8306
"49",49,16671,9696,16728,8690,13612,6653,4828,10977,12004,12719,10529,13343,7464,10786,6598,10027,12593,2670,12986,13339,9166,12984,8036,8364,8322,10110,9395,8486,7364,6934,9395,20398,12936,10834,14278,13452,9465,7579,13278,9011,9022,12194,13046,6434,8868,6784,9454,5797,5197,10682,9580.5
"50",50,19193,11157,19257,10069,15671,7788,5608,12784,13821,14757,12151,15288,8601,12508,7563,11582,14349,3147,15064,15386,10568,15008,9348,9838,9704,11697,10725,9772,8365,8141,10909,23576,14916,12490,16464,15422,11029,8814,15203,10311,10460,14179,15084,7498,10281,7785,11028,6732,6044,12422,11093
"51",51,22070,12899,22151,11595,18116,8980,6444,14684,15842,17162,14148,17552,10005,14412,8814,13376,16595,3658,17317,17771,12264,17448,10847,11387,11228,13454,12485,11212,9742,9410,12521,26992,17276,14429,19126,17901,12623,10203,17664,11965,11989,16372,17393,8675,11942,8981,12670,7723,6983,14260,12784.5
"52",52,25488,14892,25629,13556,20891,10360,7385,16985,18240,19827,16188,20239,11606,16543,10193,15563,19348,4218,19893,20542,14173,20023,12436,13312,13018,15588,14396,13122,11256,10924,14389,31099,20028,16754,22346,20510,14602,11736,20352,13846,13917,18787,20057,10085,13811,10461,14569,8928,8141,16404,14747
"53",53,29231,17137,29517,15659,23981,11922,8590,19521,21104,22816,18758,23498,13338,19169,11789,17973,22287,4897,22960,23594,16407,23168,14396,15427,15011,18070,16698,15168,13117,12515,16837,35684,22969,19311,25904,23544,16702,13577,23395,15908,16131,21777,23065,11643,15932,12142,16845,10301,9509,18976,16991
"54",54,33845,20004,34095,18012,27722,13656,9788,22452,24383,26424,21795,27136,15413,22222,13670,20799,25568,5689,26571,27383,18921,26829,16592,17660,17384,20746,19262,17476,15247,14512,19457,41110,26338,22294,29640,27295,19384,15703,26851,18278,18475,24978,26657,13460,18357,13972,19430,12023,11081,21976,19730.5
"55",55,39063,22984,39178,20753,31953,15933,11477,25914,28038,30128,24886,31147,17771,25796,15836,23986,29474,6654,30553,31450,21857,30680,19014,20223,19922,24203,22097,20022,17494,16775,22482,47141,30173,25792,34330,31411,22506,18004,30935,21208,21254,29085,30705,15436,21176,16156,22307,13866,12744,25300,22745
"56",56,44846,26454,45172,24008,36708,18455,13306,29772,32318,34640,28768,35803,20293,29720,18263,27509,33907,7712,35081,36187,25283,35292,22026,23287,23033,27830,25397,23132,20248,19398,25878,54045,34910,29678,39460,36163,25877,20857,35508,24440,24549,33508,35409,17866,24367,18509,25879,16106,14659,29246,26166.5
"57",57,51482,30568,51752,27662,42118,21160,15495,34316,37182,40201,33361,41310,23376,34032,20993,31763,39114,8876,40354,41802,29025,40420,25332,26879,26704,32221,29174,26656,23314,22438,29823,61837,40158,34019,45439,41702,29731,24089,40801,28079,28441,38684,40707,20732,28125,21440,29763,18361,16836,33542,30195.5
"58",58,59206,34985,59126,31935,48445,24427,17916,39285,42608,46367,38557,47910,26791,39144,23975,36588,44823,10397,46325,48044,33525,46497,29050,31107,30834,36933,33622,30802,26880,25649,34425,70780,46254,39170,51952,47796,34148,27737,47002,32351,32533,44706,46864,24138,32311,24860,34161,21292,19571,38800,34705
"59",59,67558,40309,67712,36803,55500,28281,20620,45076,48931,52771,44300,54838,30904,44661,27787,42098,51507,11941,52985,55016,38634,53320,33335,35916,35163,42291,38719,35342,30953,29672,39539,80485,53005,45051,59450,54944,39434,31953,53912,37215,37381,51114,53887,27714,37354,28555,39344,24433,22705,44552,39924
"60",60,77232,46232,77018,42384,63462,32373,23604,51677,56483,60305,50688,62732,35372,51238,32319,48168,59060,13732,60547,62872,44567,61196,38484,41593,40538,48529,44362,40608,35381,34221,45351,91289,60250,51451,67896,62812,45412,36711,61488,42782,43011,58803,61623,31792,42831,32811,45084,28144,26058,51301,45822
"61",61,87989,53035,87417,48703,72538,36822,27273,59004,64515,69201,58147,71602,40681,58409,36937,54990,67415,15846,69153,71705,51485,69898,44361,47763,46714,55580,51005,46368,40606,39501,52198,103286,68933,58871,77644,71413,52010,42294,70180,48832,49424,66827,70369,36695,49349,37720,51631,32439,30294,58771,52616.5
"62",62,99573,60778,99863,55957,82395,42296,31623,67554,73650,79026,66543,81322,46963,67198,42423,62922,76629,18322,78617,81378,58923,79631,50884,54461,53563,63426,58706,53145,46537,45262,59832,116638,79000,67183,88186,81128,59616,48515,80213,55767,56800,75986,80374,42212,56711,43330,59167,37184,35172,66788,60305
"63",63,84937,52038,85413,47919,70339,36291,27129,57662,63060,67378,56910,69257,40193,57541,36258,53921,65322,15683,67167,69415,50280,68124,43475,46434,45823,54104,50151,45501,39829,38681,51200,99490,67396,57405,75075,69215,50922,41604,68359,47837,48665,64857,68437,36002,48493,37093,50547,31797,30087,57237,51619
"64",64,73117,44735,73539,41039,60601,31287,23434,49658,54258,58176,49012,59839,34713,49491,31274,46283,56297,13572,58025,59785,43371,58463,37465,39942,39393,46754,42969,39136,34483,33519,44020,85643,58263,49664,64710,59691,43927,35739,59085,41094,41915,55987,58779,31094,41718,31945,43547,27418,25978,49276,44377.5
"65",65,63411,38934,63617,35645,52595,27309,20348,42912,47032,50407,42452,51890,30121,42934,27173,40215,49007,11917,50543,51678,37656,50754,32642,34666,34286,40611,37534,33821,30062,29120,38253,74026,50243,43328,56152,51784,38160,31049,51393,35737,36344,48502,50966,26901,36171,27751,37775,23834,22703,42886,38593.5
"66",66,55310,34151,55518,31052,45796,23938,17858,37601,41268,44128,37106,45277,26365,37580,23761,35031,43044,10382,44291,45176,32916,44152,28557,30295,29951,35409,32873,29536,26242,25451,33429,64427,43846,37784,49133,45105,33448,27122,44992,31261,31657,42483,44589,23536,31612,24306,33128,20848,19783,37374,33799.5
"67",67,48637,29897,48842,27268,40273,21060,15725,33118,36385,38716,32667,39745,23301,33016,20914,30760,37750,9105,38726,39854,29035,38814,25199,26669,26518,31072,28830,26120,23229,22480,29465,56526,38536,33253,43144,39733,29458,23875,39513,27289,27858,37199,39147,20730,27760,21538,29217,18365,17438,32706,29681
"68",68,43035,26452,42958,24301,35574,18531,13819,29323,32291,34333,28872,35151,20747,29151,18535,27263,33242,8133,34224,35284,25739,34330,22314,23728,23416,27581,25622,23150,20591,20024,25990,49807,34112,29537,38178,35118,26048,21128,34882,24253,24627,33105,34623,18380,24746,19094,25824,16284,15470,28904,26250
"69",69,38101,23601,38242,21662,31570,16592,12295,26119,28814,30469,25732,31319,18515,25937,16559,24336,29577,7263,30312,31302,22899,30458,19862,21172,20821,24392,22929,20631,18284,17904,23284,44151,30396,26385,33907,31186,23220,18898,30866,21605,21930,29492,30801,16269,22118,17060,22927,14646,13815,25915,23442.5
"70",70,33966,21199,34180,19396,28094,14820,11016,23396,25765,27350,23085,27941,16607,23177,14796,21771,26429,6509,27162,27910,20586,27083,17793,18984,18571,21883,20615,18453,16320,16002,20775,39132,27088,23523,30272,27838,20824,16901,27629,19272,19826,26478,27498,14665,19732,15329,20460,13185,12447,23144,21011.5
"71",71,30390,19083,30684,17559,25197,13244,9871,21068,23106,24436,20747,25097,14817,20765,13329,19669,23802,5862,24308,25184,18502,24352,16021,17043,16677,19717,18561,16632,14645,14434,18660,35012,24402,21035,27282,24937,18725,15269,24819,17455,17788,23704,24727,13319,17774,13796,18454,11838,11183,20840,18904
"72",72,27139,17208,27482,16058,22750,11984,8952,19100,20795,21917,18678,22612,13348,18576,12106,17746,21552,5326,21867,22704,16825,22026,14459,15316,15122,17715,16793,15036,13228,13080,16925,31444,21975,18899,24467,22518,16939,13825,22397,15671,16034,21271,22307,12039,16081,12460,16728,10750,10118,18829,17073.5
"73",73,24591,15625,24866,14565,20517,10893,8109,17398,18856,19830,16751,20547,12069,16949,11031,16013,19348,4908,19904,20505,15268,19964,13096,13911,13693,16152,15227,13730,12039,11846,15339,28445,19861,17150,22111,20299,15318,12538,20243,14256,14618,19209,20224,10950,14419,11269,15094,9797,9213,17018,15482
"74",74,22383,14299,22494,13241,18620,9982,7415,15759,17094,17996,15346,18676,11124,15417,10085,14694,17588,4439,17993,18585,13928,18129,11884,12692,12449,14763,13909,12593,10988,10786,13870,25653,18034,15611,20041,18478,13880,11486,18473,12940,13286,17443,18335,9964,13162,10242,13679,8898,8332,15480,14113.5
"75",75,20402,12903,20468,12037,17033,9177,6786,14341,15631,16413,13935,16999,10084,14066,9254,13487,16058,4022,16282,16778,12629,16367,10802,11553,11370,13510,12569,11370,10010,9825,12653,23389,16452,14217,18265,16822,12666,10464,16758,11783,12173,16001,16796,9019,11926,9245,12425,8079,7638,14145,12784.5
"76",76,18493,11832,18699,11010,15611,8504,6198,13085,14228,14982,12772,15586,9214,12879,8443,12349,14529,3645,15024,15224,11528,14871,9829,10562,10413,12261,11521,10375,9171,8993,11594,21241,15062,12942,16597,15142,11512,9614,15318,10742,11154,14637,15335,8249,10933,8522,11330,7434,7019,12909,11713
"77",77,16865,10795,17053,10010,14309,7805,5602,11952,13060,13709,11761,14256,8468,11747,7709,11324,13267,3372,13686,13768,10633,13625,9003,9799,9602,11292,10539,9536,8391,8332,10593,19251,13723,11885,15145,13820,10505,8823,13986,9890,10253,13391,13930,7599,10037,7956,10448,6788,6383,11855,10714
"78",78,15430,9804,15580,9143,13088,7176,5174,10873,11978,12588,10822,13076,7732,10835,7033,10386,12255,3119,12470,12575,9711,12516,8239,8925,8873,10383,9725,8828,7749,7616,9721,17605,12539,10947,13737,12660,9701,8035,12762,9079,9418,12243,12719,6955,9231,7255,9554,6181,5885,10933,9764.5
"79",79,14102,9008,14192,8383,11973,6676,4802,9925,10960,11437,9875,11907,7090,9990,6467,9575,11178,2885,11457,11540,8909,11460,7545,8229,8130,9541,8800,8139,7145,6974,8904,16060,11442,10031,12602,11630,8879,7426,11672,8459,8547,11264,11617,6420,8409,6640,8725,5676,5455,9899,8958.5
"80",80,12873,8305,13045,7692,10980,6135,4403,9151,10033,10581,9120,10932,6580,9169,5926,8817,10266,2663,10578,10579,8136,10459,6930,7600,7518,8771,8158,7374,6655,6421,8294,14723,10506,9221,11541,10659,8224,6764,10673,7779,7852,10381,10617,5855,7715,6129,8009,5279,4999,9183,8299.5
"81",81,11786,7686,11909,7064,10090,5568,4110,8473,9212,9647,8438,10116,6047,8488,5432,8146,9465,2438,9733,9716,7490,9607,6414,6936,6925,8003,7558,6806,6164,5885,7666,13398,9682,8421,10690,9806,7481,6195,9697,7216,7251,9515,9713,5341,7098,5567,7462,4822,4597,8465,7676
"82",82,10849,7096,10976,6498,9297,5172,3769,7779,8411,8867,7802,9286,5550,7815,5027,7483,8662,2240,9032,8998,6907,8883,5886,6374,6418,7309,6877,6216,5670,5447,7042,12303,8920,7732,9829,9055,6917,5717,8884,6613,6742,8753,8909,4977,6452,5178,6937,4455,4234,7814,7069
"83",83,9943,6488,10013,6008,8518,4746,3479,7138,7735,8184,7156,8467,5105,7187,4657,6924,8086,2051,8312,8306,6368,8181,5483,5827,5905,6725,6378,5729,5231,5001,6536,11259,8142,7141,9053,8314,6406,5269,8180,6138,6204,8127,8242,4608,6037,4788,6428,4047,3883,7271,6512
"84",84,12981,8608,13103,7852,11180,6245,4702,9399,10174,10766,9399,11158,6676,9452,6237,8970,10544,2795,10800,10930,8391,10698,7184,7633,7799,8911,8416,7551,6795,6609,8617,14597,10592,9406,11735,10953,8475,6946,10628,8123,8163,10605,10936,6132,7929,6224,8460,5364,5204,9514,8612.5
"85",85,15166,10198,15436,9336,13041,7462,5541,11123,12026,12855,11093,13138,8014,11095,7360,10542,12453,3456,12573,12822,9883,12594,8573,9186,9263,10549,9999,9009,8031,8023,10157,16994,12544,11086,13882,12854,10066,8255,12673,9509,9612,12564,12813,7285,9303,7501,10000,6530,6234,11319,10177.5
"86",86,17051,11415,17248,10546,14580,8404,6332,12595,13324,14462,12519,14764,9092,12541,8398,11875,13887,3905,14128,14376,11110,14147,9755,10380,10450,11826,11179,10223,8972,8829,11433,19025,14179,12496,15635,14475,11271,9325,14135,10627,10740,14054,14317,8308,10505,8360,11137,7408,7014,12751,11424
"87",87,18624,12512,18676,11564,15924,9181,6929,13727,14512,15670,13662,16175,9907,13830,9208,12953,15087,4238,15317,15729,12210,15395,10654,11297,11311,12937,12264,11149,9830,9700,12472,20790,15390,13521,17091,15764,12320,10257,15353,11596,11770,15153,15532,9042,11488,9056,12135,8118,7658,13853,12492
"88",88,19833,13274,19839,12387,17018,9795,7437,14533,15556,16680,14495,17156,10660,14645,9815,13881,16066,4506,16373,16696,13142,16372,11455,12239,11998,13716,13054,11944,10612,10434,13295,22055,16640,14583,18274,16852,13314,10921,16544,12437,12628,16166,16701,9728,12230,9775,13027,8726,8205,14744,13304.5
"89",89,20792,14026,20760,13117,18054,10361,7913,15390,16394,17635,15228,18018,11199,15569,10416,14878,16936,4811,17331,17585,13996,17147,12058,13083,12756,14645,13820,12603,11142,10994,14068,23126,17616,15391,19204,17759,14011,11587,17449,13189,13315,17032,17478,10300,12857,10272,13846,9274,8720,15542,14047
"90",90,21682,14840,21750,13722,18936,10894,8449,16126,17130,18542,16067,19031,11797,16259,10889,15549,17766,5133,18186,18362,14823,17950,12815,13843,13255,15305,14440,13269,11678,11577,14799,24074,18385,16067,20173,18638,14763,12241,18425,13880,13863,17901,18328,10875,13700,10820,14681,9832,9215,16258,14831.5
"91",91,22619,15520,22551,14338,19623,11472,8932,16900,17827,19286,16780,19924,12396,16908,11423,16222,18537,5358,18856,19096,15612,18744,13361,14403,13957,16067,15146,13835,12281,12194,15487,25028,19312,16954,21032,19320,15363,12903,19168,14366,14437,18762,19235,11452,14429,11353,15313,10356,9588,17057,15566
"92",92,23377,16240,23358,15036,20244,12147,9407,17552,18628,19911,17505,20690,13107,17613,11988,16848,19294,5626,19717,19832,16260,19380,13953,15055,14586,16865,15860,14444,12803,12792,16051,25652,20066,17739,21809,20058,16083,13271,19873,14982,15068,19487,19968,11907,15154,11984,15783,10890,10019,17699,16250
"93",93,24046,16845,24098,15614,21002,12599,9849,18132,19306,20636,18171,21394,13648,18322,12480,17418,19991,5872,20391,20610,16754,20158,14415,15621,15244,17355,16528,15115,13294,13237,16647,26310,20711,18397,22607,20678,16872,13863,20622,15543,15560,20228,20623,12349,15696,12617,16455,11351,10536,18202,16858.5
"94",94,24784,17556,24820,16175,21725,13017,10266,18868,19992,21293,18773,22129,14058,18927,13134,18062,20675,6171,21218,21190,17314,20898,15000,16138,15771,17804,17102,15725,13889,13808,17170,27013,21504,19065,23182,21480,17551,14572,21407,16105,16221,20920,21303,12752,16277,13138,16913,11845,10907,18886,17553.5
"95",95,25434,18059,25424,16889,22357,13565,10643,19458,20715,21930,19528,22686,14618,19701,13716,18786,21417,6486,21745,21871,17813,21520,15526,16628,16358,18620,17807,16184,14527,14353,17827,27649,22105,19591,23892,22191,18067,15151,22088,16713,16902,21812,21945,13216,16836,13683,17576,12298,11525,19490,18063
"96",96,26078,18729,26164,17433,23112,14182,10954,20079,21417,22689,20318,23428,15193,20241,14285,19384,22135,6697,22545,22628,18421,22152,16061,17095,16989,19268,18536,16786,15159,14945,18492,28231,22612,20128,24778,22851,18797,15716,22514,17400,17492,22410,22610,13685,17438,14228,18223,12814,12007,20067,18763
"97",97,26663,19284,26927,18102,23839,14741,11461,20606,22020,23362,21013,24147,15767,20917,14784,20018,22976,7048,23401,23354,19134,22803,16755,17835,17549,19909,19088,17375,15671,15523,19175,28805,23334,20673,25496,23351,19391,16281,23184,18161,18222,23196,23300,14244,18082,14773,18876,13349,12484,20709,19337.5
"98",98,27477,19927,27608,18610,24367,15287,11957,21231,22866,23857,21559,24798,16447,21823,15330,20638,23542,7414,24254,23917,19874,23572,17284,18467,18396,20675,19684,17901,16325,15895,19775,29462,24098,21161,26165,24160,20030,16765,23965,18847,18863,23929,23986,14707,18645,15212,19462,13786,12894,21432,19978.5
"99",99,28115,20668,28261,19499,25096,15866,12473,21728,23539,24518,22323,25476,17061,22453,15951,21283,24216,7719,24939,24557,20617,24037,18065,19096,18824,21372,20411,18604,16841,16625,20390,30010,24859,21857,26883,24806,20787,17213,24690,19517,19488,24609,24581,15227,19345,15858,20077,14394,13335,22309,20727.5
"100",100,28792,21286,28789,20098,25815,16486,12792,22502,24282,25125,23002,26114,17669,23201,16551,21939,24943,8091,25623,25181,21425,24801,18635,19849,19587,21973,21064,19157,17318,17255,21185,30592,25565,22604,27429,25379,21413,17839,25356,20060,20142,25215,25224,15809,20025,16544,20828,14979,13975,22967,21419
"101",101,29582,21908,29655,20771,26521,17118,13387,23069,24921,25881,23696,26816,18308,24088,17058,22622,25682,8451,26295,25948,21956,25325,19146,20598,20263,22719,21686,19806,17998,17886,22047,31120,26237,23374,28185,26184,22092,18507,26130,20891,20861,25854,26096,16356,20683,17082,21407,15378,14469,23766,22069.5
"102",102,30157,22666,30206,21355,27204,17713,13918,23767,25827,26572,24403,27528,18897,24898,17702,23371,26469,8775,26893,26721,22749,26066,19807,21079,20851,23292,22316,20347,18598,18464,22727,31782,26899,24117,28935,26971,22872,19136,26594,21532,21502,26636,26728,17046,21311,17644,22047,15980,14998,24431,22810.5
"103",103,30890,23435,30877,21964,28095,18220,14481,24577,26539,27320,25240,28136,19566,25613,18279,23995,27151,9169,27630,27250,23371,26611,20486,21888,21592,23952,23098,21029,19305,19212,23459,32197,27638,24824,29671,27686,23683,19609,27274,22119,22332,27362,27411,17607,21862,18233,22649,16555,15600,25114,23571
"104",104,31669,24020,31439,22632,28738,18825,14907,25250,27225,28093,25845,28787,20135,26273,18898,24715,27868,9610,28391,27959,24129,27489,21144,22642,22560,24760,23738,21703,19764,19778,24060,32868,28386,25396,30394,28500,24526,20219,28100,22818,22958,28158,28029,18369,22668,19047,23298,17140,16090,25957,24327.5
"105",105,32340,24728,32129,23348,29585,19404,15270,25965,27966,28546,26573,29577,20792,27007,19583,25592,28683,10010,29127,28850,24829,28128,21863,23373,23463,25490,24426,22337,20494,20479,24831,33443,29207,26101,31043,29252,25287,20925,28843,23443,23536,28785,28710,18959,23291,19688,24134,17662,16668,26653,25059
"106",106,32968,25637,32910,24076,30352,20104,15895,26582,28549,29194,27148,30241,21436,27697,20352,26310,29535,10528,29866,29548,25588,28959,22597,24067,24133,26322,25219,22940,21079,21199,25626,33883,29881,26936,31682,29957,25938,21593,29561,24365,24325,29644,29625,19555,24031,20357,24706,18373,17443,27465,25787.5
"107",107,33739,26240,33450,24821,30940,20664,16446,27276,29361,29805,27779,31009,22019,28665,21118,27104,30397,10935,30454,30256,26395,29571,23392,24825,24887,26923,25851,23716,21777,22014,26353,34718,30853,27814,32213,30598,26884,22318,30463,25193,25071,30562,30363,20208,24679,21068,25574,19019,18009,28227,26639.5
"108",108,34420,27058,34208,25353,31729,21449,17004,28066,29915,30828,28542,31643,22763,29652,21761,27962,31144,11375,31034,31130,27230,30371,24021,25641,25637,27507,26654,24450,22571,22704,27114,35215,31584,28542,32909,31462,27625,23140,31275,25931,25812,31389,31225,20890,25310,21685,26336,19621,18610,28914,27368.5
"109",109,34833,27846,34953,26079,32558,22098,17747,28648,30685,31514,29407,32360,23554,30374,22644,28858,31835,11847,31973,31792,28024,31238,24774,26327,26463,28299,27399,25074,23471,23676,27806,35803,32362,29292,33464,32397,28405,23749,32212,26733,26596,32066,31893,21722,26168,22378,27091,20263,19288,29644,28161.5
"110",110,35389,28648,35400,26861,33135,22880,18414,29495,31364,32157,30168,32977,24381,31074,23325,29683,32492,12273,32666,32486,28944,31993,25659,26997,27059,29019,28111,25851,24127,24414,28744,36400,32914,29828,34066,33300,29222,24622,32982,27581,27402,32746,32652,22556,26982,23117,27918,20905,20063,30419,28981.5
"111",111,36152,29180,35880,27599,33847,23758,19055,30294,32055,32890,30994,33796,25045,32063,24096,30563,33274,12721,33459,33218,29803,32842,26351,27731,28001,29800,29009,26563,25019,25320,29600,36878,33696,30471,34857,34088,30002,25195,33495,28455,27965,33446,33427,23347,27746,23833,28731,21581,20736,31214,29801.5
"112",112,36830,30084,36620,28309,34635,24413,19769,31064,32868,33720,31708,34639,25978,32809,24914,31378,34063,13235,34027,33773,30730,33653,27109,28440,28792,30629,29834,27135,25702,26102,30333,37263,34460,31311,35669,34691,30764,25928,34289,29267,28764,34450,34471,24118,28607,24529,29653,22197,21513,32208,30679.5
"113",113,37286,30867,37242,28970,35577,25282,20627,31841,33524,34606,32486,35287,26545,33504,25803,32431,34882,13627,34859,34424,31756,34262,28011,29223,29833,31279,30754,27846,26375,26908,31253,37721,35144,32068,36408,35381,31481,26808,35163,30168,29583,35250,35013,25007,29374,25412,30287,23047,22058,32893,31380
"114",114,37951,31650,37933,29870,36326,26107,21377,32537,34164,35286,33165,36068,27394,34341,26607,33201,35571,14283,35606,35194,32563,34973,28932,30015,30578,32064,31648,28699,27117,27776,32041,38300,36150,33119,37145,35915,32411,27711,36185,31019,30545,35906,35947,25614,30079,26302,31235,23843,22856,33530,32237.5
"115",115,38628,32730,38420,30687,37056,26949,22255,33443,34870,36048,34042,36779,28358,35286,27475,33986,36100,14839,36367,35944,33421,35665,29734,30808,31233,33032,32532,29493,27815,28618,32851,38709,37055,33926,37934,36714,33367,28499,36789,31814,31326,36545,36567,26446,30793,27043,31979,24472,23685,34373,33199.5
"116",116,39005,33586,39160,31608,37680,27914,22958,34382,35530,36882,34969,37389,29107,36142,28472,34816,36935,15458,37296,36590,34226,36372,30748,31615,31964,33918,33354,30391,28743,29425,33735,39375,38028,34808,38577,37363,34349,29413,37438,32635,32281,37429,37563,27236,31649,27829,32755,25222,24465,35114,34072
"117",117,39589,34376,39848,32476,38206,28651,23683,35131,36270,37589,35852,38200,30071,37090,29518,35567,37734,15985,37990,37395,34965,37218,31523,32686,32917,34575,33952,31153,29555,30193,34660,39640,38775,35459,39236,38242,35140,30254,38161,33448,33065,38121,38436,28069,32463,28714,33505,25912,25272,35930,34812.5
"118",118,40204,34865,40165,33332,38859,29618,24495,35886,36922,38321,36542,38818,30822,38023,30363,36328,38527,16571,38694,38104,35988,37944,32447,33499,33827,35505,34680,31966,30398,31146,35423,39931,39254,36247,39985,38987,35829,31054,38943,34271,34169,39097,39150,28927,33113,29597,34446,26850,26080,36750,35667
"119",119,40690,35789,40521,34189,39544,30573,25259,36946,37733,39063,37270,39430,31837,38521,31234,37094,39349,17216,39282,38754,36847,38544,33391,34239,34583,36203,35704,32840,31315,32037,36416,40338,39924,36971,40340,39518,36659,31915,39486,35131,35027,39981,40000,29819,34004,30553,35375,27855,26895,37642,36537.5
"120",120,41177,36475,41233,34994,40201,31523,26093,37539,38491,39862,38076,40222,32692,39377,32270,37953,40060,17863,40133,39231,37746,39494,34120,35243,35629,37119,36617,33636,32247,32832,37201,40787,41032,37650,40851,40362,37395,32830,40281,35951,36046,41024,40728,30708,35019,31507,36298,28645,27709,38438,37298
"121",121,41636,37321,41736,35719,40893,32294,26990,38433,39383,40393,38677,40912,33711,40193,33289,38796,41030,18523,40826,39687,38575,40197,35072,36041,36544,37891,37509,34434,33265,33714,37943,41004,41708,38649,41599,41114,37956,33801,40832,36978,36948,41747,41302,31754,35912,32467,36983,29502,28684,39317,37949.5
"122",122,42291,38307,42104,36557,41366,33098,27667,39278,39973,41348,39574,41465,34705,40945,34318,39487,41694,19192,41569,40403,39514,40722,36102,36814,37328,38628,38543,35268,34111,34764,38838,41158,42238,39529,42264,41774,38679,34528,41526,37893,37681,42232,41909,32725,36705,33240,38228,30495,29456,40207,38758.5
"123",123,43092,39005,42564,37386,41962,33964,28693,40214,40755,41870,40252,42058,35423,41801,35306,40481,42398,19936,42353,41138,40436,41361,37133,37678,38136,39560,39478,35913,35032,35771,39551,41474,43057,40302,42971,42434,39408,35508,42088,38801,38510,43150,42695,33551,37533,34093,38986,31418,30164,41168,39555.5
"124",124,43564,39825,43038,38177,42718,34872,29672,41051,41601,42643,40939,42769,36405,42677,36145,41341,43057,20740,43065,41850,41100,41995,38054,38188,38899,40281,40555,36703,36002,36521,40466,41818,43560,41061,43729,42792,40085,36294,42695,39592,39299,43815,43317,34597,38460,35052,39698,32429,31165,41959,40510.5
"125",125,44067,40700,43302,39230,43360,35942,30854,41727,42250,43432,41741,43343,37426,43574,37039,42243,43777,21524,43658,42570,42129,42730,38867,38955,39815,41232,41446,37693,36946,37525,41267,42081,44341,41582,43964,43568,40933,37456,43629,40689,40246,44476,44110,35512,39454,35876,40375,33097,32149,42758,41356.5
"126",126,44538,41263,43387,40067,43816,36840,31642,42543,43042,44137,42545,44148,38333,44380,37907,42938,44182,22286,44314,43258,42856,43372,39749,39855,40823,41919,42216,38399,37902,38309,42004,42254,45109,42209,44588,44317,41725,38519,44220,41579,41116,44977,44647,36610,40380,36779,41104,34067,33109,43642,42106.5
"127",127,44875,41984,43671,41105,44528,37995,32762,43060,43859,44974,43396,44661,39230,45270,38926,43643,44855,23298,44834,43574,43864,44165,40976,40901,41589,42689,42938,39341,38676,39204,42831,42536,45787,42951,44994,44910,42737,39643,44842,42390,42094,45506,45309,37431,41440,37610,42031,35067,34064,44454,42784
"128",128,45200,42742,43949,41903,45102,39045,33744,43825,44506,45478,43986,45042,40081,46011,39834,44612,45439,24196,45302,44210,44797,44891,41932,41835,42396,43299,43650,40272,39585,40172,43447,42854,46363,43664,45683,45384,43716,40558,45672,43121,42788,46168,45829,38249,42282,38501,42983,35983,35018,45231,43548.5
"129",129,45414,43528,44220,42704,45326,39978,34652,44613,45211,45947,44596,45603,41093,46908,40809,45249,45934,25059,45776,44667,45420,45493,42772,42614,43202,44079,44461,41054,40524,41119,44296,43030,46942,44555,46091,45959,44481,41392,46159,43762,43656,46769,46401,39240,43043,39493,43638,36828,36068,45968,44258
"130",130,45642,44132,44334,43569,45905,41045,35697,45155,45883,46695,45141,46125,41839,47555,41835,46001,46420,25770,46463,45081,46083,45964,43731,43493,44047,44816,45245,41898,41622,42023,45220,43189,47381,45141,46393,46420,45161,42195,46629,44676,44693,47102,46877,40188,43945,40303,44356,37690,37116,46489,44948.5
"131",131,45883,44985,44751,44508,46206,42082,36894,45930,46296,46950,45972,46775,42731,48265,42822,46804,46980,26718,47070,45538,46836,46430,44737,44183,44939,45824,46056,42747,42527,43138,46016,43345,47896,45850,46840,47067,45806,43155,47309,45393,45398,47742,47247,41272,44824,41394,45070,38684,38138,47311,45672
"132",132,46115,45683,44784,45277,46326,42945,37635,46500,46981,47759,46888,47324,43682,48761,43676,47491,47817,27570,47497,46006,47466,46810,45537,44869,45828,46439,46810,43461,43496,44028,46543,43379,48330,46824,47273,47599,46723,43895,47922,46439,46053,47997,47772,42206,45540,42384,45834,39858,39044,48142,46220.5
"133",133,46238,46661,44751,46219,46765,43823,38752,47137,47545,48061,47372,47849,44503,49375,44526,48284,48598,28773,47817,46650,48084,47530,46362,45677,46524,47033,47306,44328,44391,45053,47074,43303,48575,47636,47360,48018,47671,44747,48287,47310,46562,48703,48350,43012,46405,43300,46526,40951,39966,48676,46713
"134",134,46527,47220,44955,46900,47279,44767,39668,47501,48088,48396,47994,48429,45526,50116,45486,48924,49119,29855,48346,47010,49040,48138,47131,46286,47150,47759,47941,45076,45204,45997,47684,43354,48960,48130,47851,48462,48390,45773,48718,47959,47345,49050,48702,43980,47063,44308,47292,41947,41027,49059,47318.5
"135",135,46723,47754,44984,47724,47846,45853,40513,48071,48545,48836,48409,48837,46338,50470,46278,49450,49496,30653,48790,47362,49890,48418,47952,47053,47964,48398,48706,45931,46215,46756,48429,43322,49604,48518,47985,48948,49280,46734,48890,48530,48149,49585,48997,44700,47854,45120,47938,43008,42049,49645,47974.5
"136",136,46766,48387,45278,48623,48450,46688,41285,48721,49080,49361,48921,49312,46839,50974,47267,50167,49917,31749,49043,47821,50661,48682,49096,48059,48729,48889,49495,46661,47268,47752,49172,43172,50157,49137,48417,49216,49923,47657,49333,49283,48811,50104,49555,45699,48581,46332,48744,43825,42985,50131,48725
"137",137,46853,48720,45572,49380,48493,47626,42416,49398,49448,49752,49677,49627,47651,51331,48314,50832,50129,32655,49472,48008,51127,49039,49787,48825,49474,49505,50176,47533,47951,48606,49710,43155,50582,49842,48573,49808,50387,48740,49726,50064,49717,50474,50000,46508,49331,47337,49526,44744,43781,50623,49423
"138",138,46787,49685,45666,50168,48848,48334,43694,49964,49993,50068,50291,49805,48637,51703,49155,51557,50610,33642,49779,48257,51978,49518,50386,49336,50183,50197,50720,48403,48839,49544,50305,43247,50836,50301,48812,50196,50987,49603,50255,50875,50262,50605,50425,47553,49797,48378,50015,45780,44900,51191,49884.5
"139",139,46759,50454,45741,50651,49045,49261,44813,50514,50436,50413,50762,50034,49467,52397,50253,52122,50940,34692,50138,48408,52634,49842,51206,49787,50991,50592,51284,49222,49561,50179,50973,43359,51300,50906,49015,50335,51519,50443,50483,51589,50858,50835,50546,48399,50733,49302,50713,46658,46112,51345,50439.5
"140",140,46826,51133,45580,51391,49151,50283,45726,51034,50623,50433,51222,50025,50520,52871,51188,52600,51250,35552,50145,48528,52940,50263,52008,50464,51741,51101,51964,49910,50300,50920,51425,43105,51460,51211,49100,50321,52071,51059,50741,52132,51527,51041,50694,49210,51636,49946,51302,47719,47068,51737,50830.5
"141",141,46793,51659,45496,52245,49170,51019,46671,51533,50972,50658,51645,50217,51333,53321,51954,53106,51546,36893,50211,48680,53695,50433,52580,50982,52385,51459,52368,50400,50818,51742,51974,42888,51590,51488,49312,50395,52503,51821,50877,52805,52188,51170,51118,50173,52080,50941,51815,48560,47957,52112,51251.5
"142",142,46776,52228,45574,52830,49198,51612,47774,52011,51405,51084,52096,50328,51912,53487,52648,53371,51748,38099,50334,48803,54056,50660,53346,51541,52956,51806,53170,50899,51795,52417,52422,42744,51472,51666,49455,50384,53029,52626,51259,53638,52570,51210,51508,51025,52413,51760,52331,49439,48962,52385,51707
"143",143,46841,52629,45577,53324,49519,52378,48738,52094,51504,50892,52333,50284,52744,53747,53487,53743,51780,39221,50748,48853,54368,50870,53904,52176,53508,52269,53642,51530,52594,53188,53007,42602,51748,52173,49350,50497,53411,53317,51686,54166,53156,51502,51814,51855,53108,52239,52732,50348,49945,52926,52174.5
"144",144,46822,53123,45403,53906,49620,53117,49919,52448,51858,51038,52765,50262,53582,53949,54343,54210,52070,40441,50903,49084,54853,51145,54468,52697,53731,52677,54051,52019,53177,53775,53427,42564,52097,52655,49324,50714,53682,54054,51930,54556,53705,51737,51817,52813,53750,53018,53262,51150,50810,53243,52687
"145",145,46789,53406,45159,54226,49903,53730,50773,52768,51942,51018,53094,50525,54346,54175,54963,54490,52160,41629,51038,49282,55450,51184,54878,53265,54340,52912,54300,52347,53987,54217,54073,42167,52146,52738,49481,50798,54037,54790,51802,55024,54392,51951,51922,53567,53940,54118,53754,52036,51660,53309,53003
"146",146,46681,53774,44908,54588,49766,54518,51782,52697,52203,51123,53064,50615,54923,54356,55484,54683,52142,42811,50924,49338,55818,51002,55402,53812,54965,53197,54598,52459,54527,54750,54616,41895,51947,53085,49368,51001,54467,55398,51708,55571,54694,52185,51769,54358,54295,54737,54059,52923,52488,53811,53141
"147",147,46346,53917,44994,54784,49655,55136,52607,53076,52416,51237,53395,50692,55550,54365,56046,54903,52210,44090,50845,49342,55962,51172,55858,54262,55335,53531,54567,53099,55226,55246,54933,41383,52060,53206,49383,51087,54719,55898,51728,56008,54894,52008,51794,55095,54607,55291,54462,53670,53282,53860,53600.5
"148",148,46138,54164,44990,55285,49562,55903,53554,53278,52483,51403,53690,50499,56285,54663,56689,55147,52361,45387,50799,49475,56234,50825,56136,54667,55632,53716,54927,53405,55623,55776,55306,41124,51937,53247,49248,50901,55112,56448,51836,56394,55114,51995,51814,55666,54996,56011,54795,54504,53968,53964,53966
"149",149,45725,54429,44762,55578,49268,56616,54231,53012,52370,51169,54069,50481,56569,54841,57433,55323,52489,46481,50586,49551,56265,50963,56698,55102,55885,53991,55090,53987,56301,56456,55365,40854,51694,53572,49097,50931,55252,56799,51872,56627,55449,51879,51748,56023,55434,56594,54984,55171,54822,53952,54330
"150",150,45332,54477,44569,55476,49397,57187,55199,53012,52362,51024,54008,50673,57018,54983,58088,55453,52322,47519,50600,49495,56481,50932,57343,55357,56331,53926,55652,54470,56947,57085,55520,40440,51566,53664,48895,50718,55316,57181,51560,56469,55843,51637,51425,56635,55501,57175,55281,55871,55390,53946,54730
"151",151,45030,54578,44344,55734,49093,57747,55825,53148,52254,50812,53897,50635,57330,55159,58489,55553,52176,48671,50634,49278,56614,50817,57679,55799,56508,54095,55872,54668,57267,57570,55828,39985,51568,53727,48653,50712,55357,57617,51290,56677,56041,51391,51479,57054,55825,57565,55560,56610,56149,53922,54913.5
"152",152,44967,54654,44030,56087,48989,58462,56576,53123,52344,50728,53959,50447,57562,55118,58951,55345,52056,49829,50379,49221,56914,50781,58252,55897,56829,54247,55946,54984,57747,57904,56061,39473,51496,53611,48342,50364,55724,58066,51249,57031,56071,51357,51472,57844,56114,58169,55771,57364,57039,54003,55051
"153",153,44795,54823,43626,56286,48779,58894,57412,53217,52259,50571,53879,50278,58157,54945,59419,55030,51694,50895,50236,49027,56998,50430,58427,56145,56898,54402,55916,55454,58042,58234,56000,38989,51370,53409,47970,50206,55590,58464,50883,57123,56111,51316,51316,58142,56082,58544,55935,57800,57498,54114,54987.5
"154",154,44350,54808,43048,56468,48454,59108,58306,53235,52168,50498,53707,49938,58531,54691,59780,55055,51357,52092,50027,48922,56854,50174,58413,56508,57003,54198,55824,55615,58294,58364,56130,38695,51154,53270,47645,50064,55487,58498,50821,57125,56209,51238,50871,58630,56262,58925,56001,58482,58313,53921,54931.5
"155",155,43919,54809,42678,56514,48329,59503,58921,52986,51817,50000,53560,49666,58884,54493,60262,54875,51119,53204,49840,48562,56556,50075,58408,56438,57187,54358,55828,55624,58706,58575,55963,38180,50819,53010,47167,49851,55239,58444,50512,57082,56123,51066,50523,58976,56254,59197,55840,59115,58936,53837,54842
"156",156,43753,54673,42326,56471,47993,59787,59457,53005,51544,49833,53390,49153,59084,54410,60556,54834,50900,54202,49657,48235,56457,49885,58461,56641,57105,53946,55832,55702,58684,58752,55719,37884,50308,52900,46926,49601,55106,58601,50199,56951,55787,50659,49951,59347,56239,59498,55700,59628,59595,53654,54753.5
"157",157,43134,54692,41821,56437,48005,59864,59997,52796,51013,49276,53218,48797,59354,54230,60778,54489,50334,55256,49410,47959,56506,49585,58513,56540,56995,53858,55748,55979,58617,58963,55801,37303,50142,52713,46651,49241,54868,58906,49865,57008,55997,50486,49702,59884,56208,59652,55783,60015,60053,53464,54780
"158",158,42630,54571,41576,56290,47600,59969,60687,52622,50886,49000,53042,48601,59337,53890,61133,54223,50320,56130,48935,47654,56262,49039,58468,56416,56899,53920,55443,55786,58929,58875,55664,36825,49800,52837,46104,48859,54448,58944,49352,57135,55994,49964,49344,60098,55976,59721,55593,60312,60618,53325,54509.5
"159",159,42088,54442,40838,56254,47055,60257,61339,52310,50843,48646,52688,47926,59310,53771,61041,54110,49886,57112,48562,47254,55958,48611,58531,56277,56583,53985,54989,55992,58997,59115,55348,36248,49503,52496,45723,48368,54176,58829,48907,57071,55962,49664,48955,60206,56041,59961,55334,60497,60921,53106,54309
"160",160,41666,54422,40499,56203,46806,60227,61592,51958,50425,48377,52245,47674,59270,53363,61004,54061,49520,58034,48205,46895,55708,48495,58508,56237,56450,53653,54534,56109,59135,59154,55242,35758,49178,52296,45183,48080,53833,58596,48345,56760,55724,49244,48450,60411,55614,60005,55148,61105,61344,52534,54241.5
"161",161,41207,53863,40066,55996,46409,60254,62004,51592,50132,47874,51885,47315,59107,52685,61032,53870,49115,58942,47727,46474,55565,47955,58508,56251,56117,53190,54282,56100,59009,59244,54869,35244,48517,52116,44663,47423,53410,58450,47950,56640,55389,48440,47908,60666,55435,59975,55242,61404,61563,52255,53866.5
"162",162,40827,53614,39692,55891,45972,60180,62327,51340,49742,47418,51370,47355,59038,52075,60958,53270,48732,59826,46998,45930,55213,47515,58170,56083,55768,52729,53830,55962,59028,59129,54494,34643,48031,51722,44366,46917,53362,58470,47595,56699,55226,47823,47403,60610,55321,59928,54908,61435,61852,51774,53488
"163",163,40201,53448,39011,55557,45508,60405,62673,50844,49166,46982,51266,46961,58874,51609,60902,52678,48102,60554,46395,45446,54818,47001,57744,55730,55371,52358,53828,55954,58896,59021,54223,34219,47452,51364,43759,46629,53119,58104,47189,56456,54901,47423,46891,60523,54971,59827,54645,61437,61839,51466,53283.5
"164",164,39830,53337,38508,55092,45078,60331,63184,50446,48868,46329,50998,46464,58569,51089,60883,52411,47617,61305,45934,45170,54389,46339,57399,55413,55335,51961,53659,55915,58751,58784,53713,33867,46835,50777,43139,46121,52753,58048,46624,56045,54523,46812,46530,60704,54493,60034,54166,61482,62260,50923,53045
"165",165,39288,52812,38137,54917,44411,60081,63663,50173,48473,45605,50600,45697,58286,50407,60653,51859,46752,61852,45411,44647,53920,45780,57104,54969,55143,51573,53247,55410,58957,58708,53431,33417,46215,50396,42689,45434,52597,58000,46004,55417,53977,46255,46008,60694,54002,59792,53757,61667,62080,50597,52704.5
"166",166,38698,52388,37523,54537,43783,59839,63763,49457,48052,44896,50064,45165,58056,49772,60137,51458,46075,62414,44798,44008,53447,45010,56680,54640,54589,51268,52826,54831,58639,58573,52904,32900,45611,49727,41947,44845,52221,57648,45543,54954,53723,45727,45465,60485,53872,59729,53423,61873,62280,49990,52304.5
"167",167,37979,51820,37046,54240,43363,59673,63690,49242,47306,44430,49736,44577,57771,49342,60050,51004,45601,62937,44265,43300,52799,44536,56624,54080,54123,50687,52305,54444,58211,58237,52380,32341,44842,49193,41091,44253,51630,57321,44963,54584,53325,45091,44933,60228,53188,59380,52940,62077,61923,49442,51725
"168",168,37439,51198,36804,53745,42833,59349,63915,48553,46693,43828,49105,44039,57450,48665,59962,50685,44696,63810,43694,42686,52193,44159,55992,53619,53622,50009,51887,53870,57793,58077,51773,31887,44463,48893,40524,43621,51059,56815,44399,53849,52985,44380,44259,60037,52855,58987,52429,61870,61801,48846,51128.5
"169",169,36730,50660,36141,53090,42105,58970,63559,48108,45973,43150,48625,43295,57004,48159,59706,50102,43889,64355,43017,42214,51755,43414,55630,53465,53332,49731,51545,53594,57426,57754,51089,31253,43918,48430,39875,42842,50453,56436,43852,53074,52174,43762,43542,59803,52362,58760,51701,61569,61738,48384,50556.5
"170",170,36049,50049,35535,52456,41432,58743,63523,47756,45410,42522,47758,42610,56431,47227,59203,49429,43378,65024,42273,41766,51214,42843,55249,53204,52738,49353,50838,53202,57035,57270,50554,30655,43089,47678,39199,42183,50093,56000,42997,52485,51759,43256,42919,59444,51864,58337,50997,61252,61532,47701,50071
"171",171,35529,49587,34886,52027,40979,58408,63087,47027,44778,41882,47174,41937,55871,46551,58686,48858,42699,65762,41679,41296,50685,42174,54828,52676,52256,48728,50312,52990,56582,56742,49977,30236,42403,46878,38633,41433,49481,55666,42372,52005,51254,42678,42217,59148,51602,57765,50369,60808,61416,46958,49534
"172",172,34985,48762,34305,51488,40281,57774,63123,46303,44147,41081,46541,41110,55416,45768,58241,47978,42274,66499,40937,40728,50212,41659,54262,51835,51432,48100,49767,52477,55901,56275,49391,29554,41841,46138,37991,40828,48850,55102,41674,51316,50553,42032,41717,58513,51034,57522,49678,60502,60947,46220,48806
"173",173,34307,48405,33751,50535,39630,57272,62897,45733,43328,40636,45894,40252,54845,45191,57763,47121,41697,66754,40396,40263,49520,41067,53775,51207,51076,47402,49105,51827,55402,55856,48719,28997,41116,45726,37366,40109,48354,54402,41021,50889,50005,41402,40995,58104,50521,56959,49142,60267,60481,45623,48379.5
"174",174,33710,47605,33208,49750,39026,56728,62668,45130,42543,39980,45415,39726,54270,44286,57235,46525,40946,67019,39566,39577,48954,40372,53293,50755,50518,46788,48559,51243,54972,55243,48069,28583,40275,45140,36715,39774,47535,53908,40271,50197,49354,40718,40214,57611,49753,56646,48372,59706,60448,44876,47570
"175",175,33173,47100,32521,49165,38454,55964,62193,44536,41921,39532,44516,39064,53700,43652,56874,45784,40373,67311,39062,38738,48007,39591,52500,50178,49959,46077,48094,50667,54158,54499,47451,27783,39492,44585,35984,39027,46752,53290,39534,49365,48691,40111,39416,57033,49186,56161,47645,59196,60122,44214,46926
"176",176,32441,46297,31944,48420,37793,55186,61845,43742,41302,39149,43731,38367,52889,43007,56191,45179,39538,67249,38407,38329,47390,39014,51690,49522,49480,45240,47349,49922,53483,54182,46815,27153,38864,43742,35360,38452,46125,52652,38765,48874,48024,39280,38683,56145,48548,55471,46999,58669,59602,43236,46211
"177",177,31887,45621,31212,47741,37022,54884,61164,43065,40715,38452,42987,37690,52338,42243,55487,44470,38839,67366,37770,37617,46521,38228,50909,48810,48764,44492,46672,49162,52777,53399,46061,26560,38287,43071,34662,37720,45349,52039,38275,48412,47449,38502,37952,55532,47923,54804,46286,58225,59159,42526,45485
"178",178,31122,44965,30629,47101,36453,54213,60783,42377,39830,37759,42112,37152,51614,41598,54648,43679,38036,67613,37230,37004,45587,37460,49959,47967,47906,43725,45879,48370,52073,52604,45403,25946,37537,42321,33965,37075,44729,51415,37433,47576,46693,37951,37151,54835,46879,54021,45636,57640,58275,41728,44847
"179",179,30392,44188,30063,46339,35724,53551,60287,41541,39079,37080,41303,36284,51012,40733,54121,43003,37218,67697,36513,36244,44781,36971,49418,47127,47156,42955,45111,47694,51405,51719,44503,25377,36677,41557,33396,36463,43881,50725,36701,46856,45962,37240,36559,54396,46200,53214,44946,57245,57636,40924,44034.5
"180",180,29695,43434,29691,45376,35112,53107,59897,40878,38484,36521,40522,35561,50221,40027,53159,42154,36485,67595,35896,35326,43809,36313,48645,46283,46553,42307,44439,47004,50521,50964,43777,24892,35765,40857,32586,35865,43273,49708,35877,45962,45011,36548,36039,53806,45225,52385,44385,56634,56888,40421,43353.5
"181",181,29267,42654,29220,44756,34480,52333,59200,40270,37794,35882,39838,34794,49688,39388,52266,41276,35791,67472,35150,34703,43092,35578,47854,45614,45818,41681,43741,46342,49763,50090,43113,24383,35132,40123,31973,35196,42639,48831,35273,45231,44147,35897,35416,52851,44502,51613,43421,55852,56153,39646,42646.5
"182",182,28587,41680,28602,43922,33857,51545,58554,39444,37026,35156,39317,34163,48904,38690,51475,40618,35071,67265,34504,34098,42202,34875,46975,44871,44987,41085,42878,45542,49041,49352,42168,23900,34354,39352,31470,34518,41904,48150,34831,44353,43531,35163,34606,52130,43744,50825,42607,55096,55300,39041,41792
"183",183,27922,40746,28165,42994,32901,50573,58168,38594,36250,34501,38407,33402,48106,38068,50797,39799,34289,67056,33707,33482,41266,34156,46207,43917,44253,40332,41985,44712,48185,48498,41223,23248,33790,38735,30765,33643,41137,47368,33939,43764,42700,34338,33762,51546,42990,50031,41728,54334,54713,38050,40941.5
"184",184,27335,40100,27551,42283,32184,49819,57501,37900,35490,33902,37689,32752,47374,37390,49948,39099,33647,66667,33115,32729,40690,33532,45261,43137,43359,39535,41198,43960,47233,47501,40465,22668,33005,37979,30105,33029,40194,46570,33189,42809,41983,33638,33010,50633,42218,49205,40873,53548,53946,37362,40147
"185",185,26726,39468,26728,41567,31396,48916,56544,37152,34797,33245,36913,32147,46472,36516,49026,38214,32804,66316,32340,32240,39604,33077,44372,42156,42604,38617,40324,43288,46517,46664,39627,22274,32226,37312,29465,32162,39502,45538,32357,41843,41445,32812,32238,49928,41576,48368,39916,52911,53155,36604,39485
"186",186,26110,38633,26118,40420,30803,48048,55781,36366,34129,32316,36052,31350,45506,35687,47848,37305,32067,66034,31425,31510,38775,32338,43371,41518,41830,37926,39361,42567,45598,45638,38865,21845,31528,36497,28726,31445,38695,44712,31741,41035,40515,32270,31427,49037,40835,47580,39239,51962,52465,35927,38664
"187",187,25581,37825,25516,39554,29944,47068,54986,35538,33359,31747,35481,30846,44697,34921,46936,36631,31486,65484,30734,30760,38110,31704,42440,40768,40958,37073,38634,41791,44796,44817,38003,21451,30709,35785,28020,30696,37802,43935,31018,40141,39515,31583,30800,48286,40201,46432,38259,50905,51564,35165,37813.5
"188",188,24928,36887,25070,38798,29376,46322,54212,34887,32546,31044,34669,30188,43700,34030,45967,35906,30797,64715,29963,30026,37342,31007,41590,40178,40227,36296,37987,40836,43965,43740,37109,20902,29903,35012,27348,30029,37044,43017,30135,39318,38956,30786,30004,47361,39427,45866,37673,49866,50535,34306,36965.5
"189",189,24211,36059,24549,37917,28591,45408,53501,34064,31836,30359,33945,29428,43021,33165,45093,35055,30106,64133,29435,29305,36298,30424,40772,39257,39388,35325,36893,40013,43108,42800,36226,20488,29120,34092,26721,29265,36187,42315,29386,38041,38040,30036,29325,46397,38445,44784,36748,48911,49681,33474,36123
"190",190,23649,35315,24008,37059,27896,44541,52457,33381,31102,29528,33030,28775,42011,32297,44044,34365,29404,63445,28872,28561,35729,29484,39959,38375,38467,34465,36092,39231,42170,41906,35510,20009,28298,33367,26027,28733,35456,41294,28865,37270,37214,29296,28634,45424,37695,43856,35974,48036,48690,32745,35385.5
"191",191,23017,34582,23399,36103,27218,43540,51324,32690,30349,28847,32287,27799,41098,31510,43307,33447,28740,62676,28195,28016,34928,28742,39098,37527,37708,33788,35283,38455,41237,40963,34484,19599,27594,32690,25438,28204,34780,40347,28094,36722,36335,28614,28150,44397,36837,42942,35145,47018,47757,32016,34533
"192",192,22442,33777,22944,35240,26523,42644,50333,31942,29720,28121,31667,27166,40224,30811,42313,32562,28094,61762,27396,27455,34007,28098,38412,36752,36803,33088,34316,37498,40375,40118,33665,19110,26892,31845,24987,27471,34116,39536,27589,35705,35466,27833,27374,43674,35868,42253,34259,46122,46977,31192,33721
"193",193,21865,33082,22339,34511,25902,41727,49289,31246,29033,27572,30704,26455,39184,30044,41171,31931,27523,60979,26706,26912,33225,27565,37387,35814,35803,32400,33527,36575,39524,39258,32929,18545,26387,31024,24398,26764,33275,38719,26877,34942,34617,27154,26770,42685,35115,41199,33416,45147,45978,30411,33005.5
"194",194,21312,32170,21661,33683,25064,40930,48322,30408,28396,26944,30061,25930,38118,29245,40190,31056,26839,60256,25940,26474,32267,27073,36565,35003,35021,31617,32805,35935,38711,38544,32058,18030,25727,30158,23779,26135,32437,37776,26258,34026,33912,26553,26175,41733,34461,40287,32524,44322,45059,29582,32114
"195",195,20674,31430,21083,32948,24552,39946,47382,29839,27717,26195,29221,25222,37161,28560,39233,30308,26056,59203,25280,25730,31327,26460,35762,34300,34285,30953,32025,35202,37828,37579,31338,17613,25071,29392,22911,25299,31658,37102,25363,33268,33026,25798,25546,40701,33500,39430,31869,43304,44223,29006,31332.5
"196",196,20243,30560,20621,31954,24028,39125,46576,29056,27016,25511,28545,24496,36233,27862,38278,29662,25425,58171,24782,25076,30626,25859,34952,33393,33354,30262,30972,34635,37011,36800,30674,17298,24547,28625,22369,24647,30948,36069,24745,32506,32343,24999,24963,39834,32649,38616,30908,42439,43378,28203,30593
"197",197,19817,29776,20122,31235,23440,38133,45664,28185,26234,24855,27852,23735,35377,27057,37419,29041,24789,57288,24161,24467,29843,25248,34208,32566,32406,29537,30282,33745,36452,35853,29855,16831,23938,27971,21842,24123,29907,35228,24312,31645,31685,24414,24248,38964,31918,37724,30084,41489,42477,27363,29809.5
"198",198,19284,29057,19705,30599,22931,37301,44893,27414,25528,24227,27027,23163,34577,26340,36417,28327,24134,56459,23575,24064,28997,24591,33234,31853,31309,28689,29654,33176,35728,34935,29139,16484,23346,27149,21201,23606,29260,34251,23654,30936,30931,23633,23662,38149,31201,37011,29496,40534,41461,26845,29027
"199",199,18788,28302,19146,29807,22358,36357,43872,26688,24873,23664,26347,22590,33759,25632,35499,27400,23481,55360,23011,23228,28259,23905,32407,30934,30496,27913,28806,32398,34812,34110,28417,16091,22652,26475,20567,22950,28662,33505,22919,30253,30064,23152,22942,37315,30410,36148,28863,39673,40597,26257,28280.5
"200",200,18378,27503,18568,29002,21855,35338,42882,26067,24277,23111,25594,22039,32919,25062,34600,26653,22797,54375,22416,22532,27637,23343,31672,30150,29798,27140,28057,31411,33868,33230,27714,15672,21975,25912,20106,22309,27986,32670,22240,29495,29105,22503,22425,36418,29658,35236,28187,38720,39572,25548,27570
"201",201,17747,26874,18072,28401,21281,34305,41841,25465,23437,22424,24984,21423,32041,24331,33971,26002,22201,53325,21927,21855,27004,22815,30782,29430,29038,26396,27417,30710,33041,32389,27008,15109,21431,25255,19557,21793,27126,31804,21632,28521,28226,21881,21845,35494,28836,34394,27341,37588,38665,24853,26939
"202",202,17254,26050,17659,27642,20632,33286,40910,24821,22843,21739,24127,20751,31257,23616,33091,25192,21583,52399,21342,21272,26276,22033,30001,28686,28207,25837,26819,29811,31962,31426,26166,14640,20950,24602,18984,21189,26399,31009,21102,27666,27476,21218,21184,34670,28022,33447,26543,36675,37808,24253,26108
"203",203,16802,25351,17274,27052,20083,32561,39879,24196,22412,21250,23712,20128,30450,23002,32148,24538,21000,51234,20792,20762,25589,21451,29066,28143,27313,25066,26075,29117,31147,30720,25522,14375,20188,23943,18547,20551,25698,30267,20536,27011,26788,20718,20538,33503,27392,32496,25872,35791,36962,23602,25436.5
"204",204,16397,24679,16658,26264,19553,31770,38855,23521,21835,20564,23083,19607,29638,22360,31165,23982,20312,50115,20219,20162,24916,20819,28298,27406,26646,24394,25401,28298,30292,30022,24925,14040,19686,23274,18031,19904,25070,29477,19913,26287,25958,20137,19957,32703,26615,31672,25215,34899,35904,23071,24797.5
"205",205,16060,24104,16228,25677,18976,30907,37669,22872,21126,19997,22545,19116,28873,21817,30344,23306,19771,49223,19672,19576,24124,20189,27439,26655,25879,23559,24784,27516,29446,29146,24314,13618,19114,22552,17441,19470,24395,28762,19327,25444,25276,19620,19368,31908,25940,30820,24543,33920,34848,22436,24114
"206",206,15566,23344,15857,25069,18500,30112,36758,22138,20508,19507,21851,18533,28180,21167,29605,22622,19234,48029,19138,19013,23612,19483,26591,25832,25177,22882,24053,26685,28624,28608,23732,13256,18569,21892,16900,18946,23884,28027,18784,24719,24714,19104,18814,31138,25117,30005,23940,32912,33735,21802,23478
"207",207,15186,22823,15414,24453,18080,29324,35779,21519,19964,19047,21298,18056,27403,20571,28715,21997,18787,46940,18474,18563,22977,19047,25915,25172,24573,22301,23293,25943,27829,27756,23068,12858,18123,21108,16470,18372,23156,27178,18284,24152,23884,18562,18254,30293,24481,29110,23211,31947,32669,21021,22900
"208",208,14757,22141,15059,23765,17541,28545,34771,20815,19456,18406,20640,17605,26688,19973,27919,21353,18283,45969,17918,18052,22162,18511,25059,24452,24029,21753,22665,25160,27112,26985,22405,12526,17598,20320,16103,17915,22312,26353,17575,23474,23188,17949,17844,29218,23848,28288,22676,30995,31689,20405,22151.5
"209",209,14341,21514,14634,23221,17038,28004,33814,20254,19017,17898,20020,16969,25882,19393,27132,20750,17612,44950,17376,17480,21691,17984,24429,23697,23328,21170,22066,24602,26177,26281,21723,12163,16984,19753,15735,17282,21568,25672,17097,22626,22549,17481,17250,28312,23046,27390,22106,30228,30940,19881,21541
"210",210,13955,20825,14225,22496,16559,27192,33083,19608,18511,17364,19606,16530,25170,18724,26345,20205,16991,44001,16966,16963,21001,17442,23738,23039,22742,20590,21491,24115,25462,25566,21198,11842,16431,19170,15272,16713,20985,25030,16674,21995,22034,16902,16647,27487,22497,26535,21560,29383,30257,19319,20905
"211",211,13630,20128,13766,21987,15933,26320,32258,19086,17967,16967,18876,16130,24397,18188,25537,19694,16496,42956,16483,16456,20236,16870,22977,22286,21998,19911,21057,23349,24733,24700,20411,11430,16027,18635,14871,16230,20487,24131,16140,21295,21509,16453,16144,26677,21764,25657,21032,28661,29476,18799,20182
"212",212,13158,19443,13415,21317,15471,25609,31456,18530,17356,16443,18183,15657,23630,17625,24822,19108,15942,42128,15953,15942,19595,16489,22287,21639,21340,19476,20440,22726,24019,23982,19843,11022,15553,18040,14392,15818,19928,23477,15668,20744,20884,16042,15779,25823,21095,24781,20259,28001,28678,18280,19535.5
"213",213,12743,18848,13136,20728,14985,24945,30481,18025,16793,16043,17555,15291,23009,17009,24038,18403,15519,41018,15479,15585,19038,15892,21615,20952,20813,18837,19788,22197,23467,23288,19314,10661,15138,17441,13938,15384,19452,22825,15230,19986,20119,15602,15240,25025,20641,24150,19702,27239,27760,17811,18943
"214",214,12324,18313,12781,20211,14513,24318,29575,17577,16340,15592,17107,14841,22260,16538,23248,17926,15055,40090,15055,15103,18532,15536,20819,20314,20205,18395,19127,21435,22760,22696,18825,10342,14668,16874,13487,14914,18879,22145,14779,19456,19575,15181,14601,24196,20045,23503,19118,26435,26900,17371,18463.5
"215",215,12013,17732,12375,19660,14035,23489,28671,17084,15759,15084,16756,14268,21707,15996,22476,17355,14690,38957,14657,14597,17878,15080,20245,19771,19672,17960,18590,20875,22201,22076,18317,10101,14296,16424,13196,14473,18424,21468,14374,18972,18957,14827,14194,23430,19495,22811,18596,25629,26186,16824,17919
"216",216,11529,17309,11971,19071,13755,22765,27637,16559,15082,14581,16268,13809,21018,15494,21983,16820,14261,38061,14204,14216,17268,14632,19733,19230,19169,17297,17975,20158,21538,21354,17777,9786,13839,16023,12697,14055,17876,20828,13977,18377,18515,14340,13758,22751,18966,22161,17909,24823,25462,16378,17303
"217",217,11239,16774,11583,18469,13435,22109,26860,16107,14686,14090,15683,13435,20380,14968,21286,16378,13818,37027,13809,13881,16712,14091,19200,18568,18567,16756,17494,19491,20866,20721,17283,9497,13429,15441,12314,13568,17318,20095,13596,17889,17999,13947,13402,22080,18332,21383,17375,24236,24744,15834,16765
"218",218,10835,16286,11219,17938,13094,21324,26141,15684,14220,13630,15136,13058,19814,14567,20577,15718,13351,35904,13298,13444,16230,13640,18449,17902,18055,16316,16856,18967,20199,20158,16856,9263,13012,15003,11933,13168,16809,19513,13200,17290,17379,13580,13081,21352,17832,20855,16897,23474,24120,15382,16301
"219",219,10580,15867,10929,17492,12675,20671,25375,15125,13762,13276,14640,12671,19220,14220,19927,15188,12920,34898,12917,13078,15686,13198,17794,17304,17566,15712,16405,18430,19681,19470,16333,9053,12551,14513,11554,12839,16242,18898,12884,16632,16875,13194,12671,20811,17239,20177,16482,22710,23415,14921,15789.5
"220",220,10275,15312,10474,16928,12198,19905,24662,14701,13288,12842,14194,12243,18604,13649,19235,14782,12410,33874,12588,12690,15267,12815,17218,16789,16890,15177,15989,17836,18998,18967,15845,8801,12178,14009,11317,12343,15708,18348,12516,16036,16240,12785,12338,20135,16685,19677,16006,22028,22710,14449,15289.5
"221",221,9970,14773,10153,16475,11855,19219,23946,14329,12855,12362,13778,11926,18068,13200,18691,14367,12087,32852,12252,12331,14743,12524,16657,16270,16484,14775,15512,17273,18375,18302,15239,8584,11820,13468,11026,11978,15329,17660,11963,15546,15760,12323,11920,19553,16249,19058,15641,21369,22005,13997,14774
"222",222,9714,14342,9895,15956,11478,18725,23140,13775,12588,12013,13432,11540,17476,12803,17913,14074,11746,31840,11837,11965,14240,12085,16084,15837,16026,14233,14842,16693,17875,17677,14883,8422,11539,13035,10798,11539,14840,17079,11687,15008,15280,11963,11498,19013,15853,18356,15161,20776,21277,13564,14291
"223",223,9454,13821,9563,15374,11114,18149,22442,13359,12131,11588,12949,11219,17017,12396,17411,13685,11296,30972,11538,11653,13817,11766,15625,15324,15467,13720,14354,16202,17227,17048,14347,8126,11136,12629,10398,11241,14367,16428,11382,14586,14733,11534,11178,18474,15369,17792,14623,20174,20621,13097,13819
"224",224,9200,13399,9257,14867,10749,17549,21709,12867,11765,11161,12523,10847,16365,12023,16897,13143,10939,30167,11124,11341,13398,11447,15192,14927,14985,13258,13908,15744,16644,16615,13951,7876,10744,12238,10113,10791,13834,15893,11013,14198,14322,11254,10808,17887,14797,17229,14293,19452,19989,12653,13398.5
"225",225,8882,13039,8989,14374,10398,16995,20960,12516,11390,10883,12195,10506,15861,11553,16291,12705,10631,29251,10660,11051,13097,11096,14690,14504,14353,12811,13483,15225,16136,16052,13518,7652,10278,11870,9819,10444,13273,15325,10701,13684,13873,10787,10471,17377,14366,16770,13858,18837,19351,12333,13068
"226",226,8611,12725,8803,14018,10104,16458,20313,12206,11047,10520,11816,10204,15332,11186,15764,12109,10277,28205,10357,10720,12758,10718,14217,14161,13982,12395,13066,14805,15596,15520,13086,7509,9944,11528,9397,10214,12771,14838,10382,13298,13482,10432,10097,16875,13942,16211,13382,18192,18953,11958,12741.5
"227",227,8283,12293,8581,13618,9818,15994,19650,11796,10717,10270,11396,9825,14772,10843,15308,11740,9980,27348,9940,10405,12431,10404,13654,13737,13459,12083,12664,14308,15072,14948,12706,7248,9710,11160,9124,9843,12405,14347,10046,12944,13023,10070,9774,16332,13420,15617,12859,17509,18259,11523,12349
"228",228,8061,11985,8408,13208,9464,15378,19003,11369,10346,9940,10956,9542,14371,10524,14793,11360,9626,26434,9639,10008,11976,9995,13350,13195,13040,11669,12262,13792,14585,14444,12313,7028,9371,10877,8880,9629,12006,13964,9726,12647,12587,9778,9524,15874,13141,15171,12444,16859,17773,11209,11980.5
"229",229,7840,11550,8108,12911,9079,14905,18397,10889,9979,9667,10555,9238,13926,10262,14288,11074,9421,25523,9305,9803,11498,9644,13010,12794,12723,11257,11902,13335,14158,13993,11867,6841,9175,10587,8625,9382,11626,13605,9390,12170,12095,9493,9220,15380,12653,14708,12068,16288,17242,10804,11524
"230",230,7578,11235,7897,12446,8829,14371,17839,10573,9612,9350,10265,8935,13500,9899,14007,10710,9093,24673,8976,9578,11159,9349,12483,12336,12346,10814,11569,12898,13644,13535,11477,6700,8862,10233,8329,9089,11299,13185,9047,11715,11839,9171,8965,14940,12314,14247,11719,15803,16666,10488,11197
"231",231,7392,11000,7608,12008,8605,13935,17201,10246,9332,8945,9969,8664,13004,9563,13438,10340,8828,23856,8770,9280,10768,9117,12080,12019,11955,10549,11117,12547,13111,13038,11154,6580,8641,9953,8079,8790,11015,12707,8815,11488,11396,8924,8737,14448,11893,13703,11330,15219,16001,10096,10884
"232",232,7155,10596,7411,11560,8363,13500,16545,9955,9091,8607,9573,8465,12563,9256,13071,9949,8522,23190,8440,8967,10321,8819,11580,11696,11592,10253,10702,12173,12563,12692,10776,6342,8406,9646,7807,8544,10643,12202,8482,11083,11112,8630,8373,13936,11557,13161,10952,14687,15483,9781,10458.5
"233",233,6877,10210,7180,11197,8180,13113,16018,9713,8840,8469,9300,8183,12179,8936,12617,9637,8231,22388,8122,8768,9994,8592,11213,11339,11229,9908,10471,11728,12179,12315,10452,6214,8235,9332,7490,8200,10251,11805,8272,10575,10689,8363,8110,13398,11243,12724,10645,14225,14923,9435,10102
"234",234,6668,9838,6925,10852,7907,12666,15500,9350,8489,8225,9021,7969,11776,8683,12207,9324,7961,21842,7909,8502,9570,8323,10788,11004,10847,9602,10174,11414,11880,11749,10101,5998,8019,9006,7286,7961,9924,11504,7999,10253,10211,8070,7833,12853,10860,12380,10407,13781,14532,9184,9720
"235",235,6539,9535,6711,10473,7571,12246,14955,9135,8227,7982,8717,7636,11372,8390,11776,8906,7714,21091,7668,8228,9231,8051,10440,10558,10606,9359,9756,11131,11365,11375,9823,5795,7787,8725,7052,7665,9601,11122,7710,9934,9852,7784,7613,12406,10554,11895,10061,13350,14056,8859,9447
"236",236,6323,9344,6479,10041,7284,11858,14413,8856,7974,7675,8427,7392,10961,8118,11385,8569,7463,20271,7457,7885,8972,7733,10135,10292,10291,9109,9434,10710,11017,11021,9520,5637,7589,8378,6762,7452,9307,10874,7439,9734,9544,7506,7368,12132,10150,11517,9694,12809,13579,8638,9208
"237",237,6167,9031,6256,9732,7007,11425,13863,8647,7721,7469,8155,7180,10659,7918,11030,8208,7261,19597,7244,7652,8719,7489,9796,9930,10005,8807,9049,10437,10681,10609,9205,5358,7325,8114,6543,7085,8986,10560,7162,9277,9162,7239,7105,11691,9790,11157,9321,12424,13006,8276,8896.5
"238",238,5968,8637,6091,9444,6718,11077,13460,8366,7428,7276,7903,6897,10284,7629,10555,7941,7045,18910,7040,7384,8439,7231,9420,9605,9596,8475,8750,10085,10304,10268,8862,5143,7072,7860,6338,6909,8627,10217,6937,8943,8814,7054,6945,11418,9437,10834,9064,12026,12574,8042,8551
"239",239,5790,8337,5907,9162,6509,10711,13061,8077,7159,7063,7688,6685,9984,7321,10269,7704,6879,18227,6813,7138,8126,7041,9096,9320,9218,8241,8399,9856,10069,10006,8610,4977,6849,7639,6151,6696,8352,9840,6735,8656,8542,6805,6703,10971,9129,10480,8742,11566,12211,7796,8289
"240",240,5617,8050,5730,8905,6233,10348,12570,7822,6912,6763,7461,6531,9650,7098,9854,7405,6618,17656,6581,6900,7831,6838,8787,9031,8865,7879,8151,9500,9786,9643,8301,4904,6665,7451,5994,6455,8027,9485,6477,8374,8216,6583,6476,10497,8795,10104,8363,11196,11764,7489,7953
"241",241,5348,7812,5596,8568,6002,9991,12179,7555,6691,6538,7175,6383,9403,6865,9570,7116,6359,16967,6323,6676,7592,6593,8499,8763,8523,7629,7918,9191,9561,9254,8019,4745,6459,7202,5745,6308,7730,9162,6288,8158,7971,6434,6278,10147,8549,9737,8115,10853,11362,7309,7679.5
"242",242,5227,7549,5367,8328,5783,9679,11802,7262,6571,6316,6895,6179,9081,6638,9280,6905,6097,16298,6180,6461,7258,6367,8280,8384,8281,7464,7555,8854,9168,8969,7723,4569,6245,6890,5666,6154,7483,8770,6082,7854,7686,6200,6084,9680,8245,9544,7873,10469,11022,7086,7473.5
"243",243,4951,7376,5104,7992,5604,9312,11379,7042,6400,6218,6684,5962,8763,6383,8932,6730,5981,15779,6029,6280,6958,6119,7998,8075,7923,7110,7239,8617,8867,8754,7494,4419,5999,6595,5459,5959,7282,8550,5862,7504,7487,6005,5945,9355,8016,9246,7569,10129,10770,6838,7174.5
"244",244,4820,7098,4942,7721,5458,9097,10930,6792,6161,6017,6436,5730,8562,6139,8652,6493,5809,15278,5794,6095,6754,5914,7763,7738,7659,6798,7021,8327,8559,8307,7230,4322,5800,6411,5248,5716,6980,8195,5696,7217,7231,5800,5769,9065,7780,8949,7317,9808,10360,6615,6889
"245",245,4672,6832,4844,7519,5277,8736,10571,6574,5967,5824,6218,5518,8192,5947,8436,6306,5567,14707,5548,5889,6520,5705,7484,7463,7363,6543,6755,8178,8266,8054,7008,4168,5616,6190,5092,5533,6767,7888,5584,6930,6990,5687,5567,8725,7452,8597,7057,9501,9992,6407,6664.5
"246",246,4514,6561,4671,7218,5137,8411,10146,6311,5795,5662,6047,5366,7878,5747,8186,6014,5411,14295,5381,5718,6214,5535,7224,7215,7105,6377,6573,7928,7963,7771,6771,3949,5469,5976,4963,5316,6482,7631,5364,6715,6777,5552,5400,8376,7227,8386,6797,9280,9600,6175,6429.5
"247",247,4424,6337,4486,6946,4961,8112,9779,6054,5611,5473,5836,5185,7613,5584,7760,5849,5249,13752,5241,5548,5994,5311,6893,6870,6916,6102,6478,7625,7769,7434,6540,3837,5238,5777,4784,5152,6243,7360,5182,6495,6508,5330,5146,8123,6891,8096,6557,8874,9288,5948,6172.5
"248",248,4315,6111,4383,6708,4795,7845,9460,5813,5486,5254,5606,4982,7280,5368,7505,5624,5041,13355,5050,5406,5810,5185,6679,6644,6631,5865,6216,7361,7456,7234,6363,3704,5073,5689,4651,4988,6103,7083,5024,6316,6332,5159,4949,7828,6623,7782,6300,8541,9000,5775,5984
"249",249,4130,5811,4262,6495,4637,7578,9223,5607,5262,5077,5425,4801,6995,5234,7232,5502,4889,12874,4840,5235,5618,5065,6421,6514,6434,5653,6055,7047,7137,6923,6168,3551,4943,5462,4543,4683,5855,6871,4884,6127,6018,5007,4809,7546,6402,7454,6098,8188,8725,5605,5732
"250",250,4004,5596,4219,6350,4536,7284,8835,5444,5134,4921,5242,4683,6728,5137,6957,5323,4697,12436,4663,5032,5428,4878,6206,6270,6224,5506,5748,6833,6889,6669,5962,3414,4740,5295,4330,4559,5612,6612,4758,5942,5891,4813,4617,7327,6177,7240,5977,7891,8434,5478,5551
"251",251,3861,5364,4044,6055,4418,6956,8552,5266,5015,4794,5069,4572,6406,4956,6713,5163,4531,11954,4478,4875,5288,4747,5976,6121,5992,5310,5524,6592,6662,6569,5748,3269,4674,5095,4205,4410,5414,6437,4598,5692,5556,4652,4505,7023,5944,7019,5777,7629,8210,5384,5374
"252",252,3709,5195,3892,5904,4254,6683,8215,5094,4840,4668,4872,4383,6204,4750,6433,4994,4415,11433,4358,4711,5123,4545,5804,5879,5798,5232,5366,6429,6401,6299,5491,3208,4550,4935,4014,4261,5226,6223,4429,5520,5404,4531,4368,6740,5792,6786,5530,7266,7892,5143,5210.5
"253",253,3609,5042,3785,5723,4127,6470,7961,4886,4633,4533,4593,4151,6022,4638,6190,4796,4277,11076,4244,4612,4976,4370,5654,5696,5662,5081,5133,6235,6215,6000,5342,3057,4387,4786,3892,4069,5066,5985,4312,5295,5222,4401,4237,6511,5594,6571,5359,7053,7620,4909,5054
"254",254,3505,4840,3629,5573,3996,6205,7642,4685,4457,4364,4480,4052,5765,4444,5994,4650,4128,10592,4035,4466,4828,4231,5430,5560,5372,5003,4968,6027,6001,5729,5111,2983,4205,4629,3790,3923,4921,5792,4169,5105,5077,4270,4102,6352,5381,6282,5141,6807,7266,4775,4880.5
"255",255,3388,4667,3586,5423,3874,6064,7372,4528,4300,4288,4319,3951,5574,4279,5744,4465,3927,10184,3987,4302,4638,4148,5296,5329,5239,4802,4799,5805,5753,5528,4974,2905,4071,4419,3718,3745,4744,5554,4021,4974,4903,4135,3926,6003,5251,6133,4983,6638,7046,4517,4705.5
"256",256,3229,4433,3493,5193,3736,5850,7128,4342,4087,4161,4195,3844,5394,4127,5554,4309,3794,9893,3889,4170,4472,3972,5124,5174,5112,4621,4663,5599,5541,5354,4803,2803,3884,4286,3556,3614,4684,5392,3895,4884,4746,3972,3851,5785,5029,5879,4782,6302,6758,4330,4546.5
"257",257,3158,4319,3343,5028,3587,5680,6901,4176,4065,4001,4043,3703,5197,4001,5293,4124,3637,9592,3738,3999,4312,3882,4916,5019,4910,4439,4482,5398,5380,5187,4601,2745,3803,4110,3424,3489,4507,5268,3750,4727,4555,3856,3742,5618,4797,5679,4647,6138,6538,4196,4379
"258",258,3063,4204,3245,4822,3408,5465,6639,4048,3866,3835,3852,3515,4996,3902,5105,3983,3509,9274,3581,3851,4148,3722,4757,4838,4768,4284,4244,5151,5246,4895,4423,2642,3695,4022,3289,3429,4376,5096,3565,4547,4447,3761,3649,5429,4619,5437,4504,5904,6328,4098,4224
"259",259,3001,4055,3104,4601,3274,5308,6391,3891,3706,3673,3648,3406,4786,3774,4922,3800,3348,8932,3437,3720,3969,3560,4613,4609,4513,4213,4112,4935,5062,4733,4218,2557,3648,3855,3231,3298,4210,4935,3419,4336,4247,3623,3496,5285,4455,5201,4298,5693,6026,3928,4083.5
"260",260,2856,3907,3042,4442,3194,5094,6102,3757,3606,3572,3555,3282,4612,3659,4773,3662,3241,8504,3317,3601,3865,3461,4490,4469,4369,4077,4014,4791,4820,4533,4085,2509,3555,3725,3131,3167,4059,4726,3345,4219,4082,3485,3373,5098,4264,4988,4126,5468,5797,3821,3960.5
"261",261,2770,3744,2948,4294,3015,4928,5823,3608,3452,3401,3411,3226,4525,3504,4606,3556,3116,8187,3208,3443,3744,3317,4308,4313,4284,3961,3888,4612,4688,4398,3923,2466,3398,3634,3060,3096,3911,4550,3232,4025,3938,3431,3234,4960,4100,4802,4062,5233,5598,3672,3816
"262",262,2696,3644,2863,4160,2983,4778,5626,3511,3331,3245,3352,3180,4373,3377,4470,3451,2969,7893,3070,3343,3629,3206,4163,4151,4102,3831,3716,4460,4484,4245,3784,2354,3284,3521,2932,2993,3746,4378,3076,3779,3793,3348,3150,4819,3936,4681,3913,5010,5401,3602,3680
"263",263,2604,3532,2773,3997,2905,4624,5418,3367,3266,3162,3274,3025,4198,3307,4235,3335,2874,7616,2964,3219,3503,3115,4052,4068,3939,3711,3671,4316,4367,4095,3641,2311,3192,3361,2778,2916,3622,4226,2962,3662,3640,3232,3050,4608,3817,4465,3774,4877,5226,3472,3577
"264",264,2453,3478,2658,3897,2806,4423,5220,3241,3179,3080,3137,2956,4055,3211,4036,3199,2822,7254,2871,3111,3386,2994,3927,3882,3844,3632,3501,4143,4213,3966,3500,2214,3028,3219,2648,2838,3444,4042,2800,3581,3492,3134,2961,4411,3719,4264,3655,4713,5034,3274,3461
"265",265,2385,3333,2593,3781,2787,4274,4920,3150,3041,2996,3063,2907,3887,3110,3928,3086,2693,7013,2837,3033,3227,2882,3770,3819,3707,3517,3387,3977,4101,3872,3404,2138,2866,3092,2564,2749,3316,3840,2740,3451,3403,3032,2859,4201,3576,4132,3498,4537,4833,3205,3324.5
"266",266,2290,3147,2529,3651,2689,4135,4750,3016,2916,2856,2907,2786,3700,2987,3769,2964,2599,6729,2767,2928,3113,2771,3627,3694,3557,3415,3270,3819,3928,3759,3281,2106,2765,3005,2479,2684,3235,3666,2675,3344,3286,2957,2737,4079,3472,4060,3360,4382,4677,3093,3191
"267",267,2204,3041,2451,3494,2619,3933,4623,2878,2822,2818,2757,2649,3577,2866,3591,2877,2533,6502,2664,2824,3057,2721,3496,3466,3427,3301,3164,3637,3796,3606,3191,2021,2663,2860,2410,2601,3180,3564,2608,3238,3239,2875,2628,3939,3336,3827,3235,4236,4489,2996,3110.5
"268",268,2153,2988,2369,3357,2531,3750,4409,2766,2702,2658,2705,2548,3445,2749,3527,2772,2459,6291,2547,2753,2987,2625,3341,3334,3292,3181,3049,3534,3684,3442,3124,1948,2559,2785,2356,2524,3067,3404,2509,3117,3113,2796,2518,3737,3227,3718,3132,4074,4335,2924,3018.5
"269",269,2130,2882,2279,3219,2425,3582,4245,2685,2564,2561,2613,2452,3374,2639,3354,2649,2365,6013,2455,2634,2883,2498,3254,3244,3123,3081,2925,3409,3622,3302,2990,1916,2477,2673,2237,2393,2951,3303,2426,3018,2981,2676,2401,3622,3141,3585,3040,3918,4172,2832,2904
"270",270,2059,2765,2146,3125,2351,3452,4047,2540,2460,2477,2575,2360,3290,2533,3245,2592,2250,5781,2353,2511,2803,2419,3182,3087,2989,2966,2829,3277,3495,3178,2860,1876,2436,2573,2138,2307,2872,3180,2360,2925,2882,2562,2375,3489,3019,3464,2991,3759,4010,2751,2816
"271",271,1990,2656,2119,2990,2263,3369,3860,2478,2363,2413,2495,2301,3138,2505,3107,2514,2206,5558,2296,2388,2633,2378,3070,2960,2812,2866,2731,3228,3344,3045,2768,1779,2311,2524,2124,2270,2776,3128,2285,2823,2743,2475,2269,3330,2913,3407,2822,3593,3856,2643,2693.5
"272",272,1956,2524,2101,2853,2158,3269,3712,2340,2350,2277,2437,2208,3058,2405,3023,2420,2151,5346,2249,2314,2566,2306,2941,2866,2793,2779,2617,3126,3261,2958,2629,1735,2187,2412,2041,2190,2715,2999,2192,2748,2636,2384,2176,3272,2779,3258,2702,3514,3752,2523,2591.5
"273",273,1898,2465,2039,2740,2125,3123,3600,2300,2225,2205,2413,2121,2937,2369,2904,2322,2043,5137,2161,2249,2487,2236,2803,2738,2666,2703,2508,3018,3114,2815,2573,1672,2122,2307,1928,2114,2605,2867,2100,2617,2561,2270,2105,3121,2705,3128,2619,3333,3667,2440,2497.5
"274",274,1778,2368,2007,2652,2073,3006,3474,2248,2139,2143,2307,2045,2908,2280,2795,2256,1994,4922,2092,2202,2375,2174,2684,2682,2555,2603,2438,2936,2965,2696,2478,1622,2018,2260,1862,2034,2552,2691,2012,2516,2490,2195,1974,2995,2601,3022,2547,3155,3546,2370,2406.5
"275",275,1749,2291,1948,2552,1998,2893,3350,2173,2055,2123,2241,1989,2767,2284,2781,2146,1940,4751,2014,2165,2286,2116,2571,2565,2423,2496,2313,2803,2873,2546,2398,1565,1976,2152,1810,1972,2455,2596,1926,2452,2417,2167,1941,2852,2529,2936,2465,3059,3406,2267,2302
"276",276,1676,2219,1931,2467,1915,2776,3219,2071,1992,2015,2136,1895,2657,2205,2652,2082,1862,4569,1931,2088,2176,2065,2493,2528,2318,2425,2256,2665,2757,2416,2327,1518,1873,2097,1787,1961,2347,2489,1815,2324,2293,2082,1883,2745,2485,2864,2370,2931,3267,2205,2237.5
"277",277,1625,2141,1804,2396,1813,2678,3126,1982,1942,1915,2070,1852,2528,2140,2559,1996,1844,4404,1840,2034,2123,1965,2431,2453,2222,2350,2170,2598,2623,2427,2268,1489,1834,2049,1694,1905,2264,2416,1751,2264,2174,2007,1816,2594,2406,2702,2315,2845,3115,2118,2155.5
"278",278,1559,2051,1753,2327,1729,2596,3014,1928,1907,1862,1980,1773,2461,2062,2454,1939,1779,4240,1765,1986,2038,1905,2367,2347,2166,2196,2065,2496,2519,2366,2182,1466,1744,1995,1619,1849,2179,2358,1679,2162,2134,1929,1732,2481,2319,2611,2201,2776,3016,2035,2063.5
"279",279,1546,2009,1713,2236,1698,2543,2951,1846,1826,1812,1886,1685,2390,1972,2392,1827,1724,4134,1691,1882,1956,1836,2281,2249,2099,2131,1995,2418,2437,2270,2108,1431,1681,1903,1580,1774,2061,2239,1638,2082,2028,1857,1689,2361,2224,2534,2136,2687,2907,1936,2002
"280",280,1517,1988,1653,2167,1657,2473,2843,1799,1724,1761,1841,1629,2262,1863,2285,1756,1655,3984,1621,1820,1892,1774,2201,2187,2038,2082,1969,2337,2324,2186,2052,1392,1629,1874,1515,1718,1960,2202,1602,2026,1963,1759,1608,2300,2139,2340,2115,2613,2809,1917,1961.5
"281",281,1446,1934,1599,2100,1636,2366,2692,1764,1626,1724,1792,1600,2193,1811,2205,1697,1580,3805,1549,1724,1847,1700,2089,2123,1964,1998,1910,2274,2232,2084,1980,1365,1627,1791,1465,1623,1897,2141,1515,1934,1820,1722,1582,2248,2089,2273,2009,2497,2680,1886,1891.5
"282",282,1414,1871,1489,1993,1568,2274,2553,1680,1589,1638,1707,1544,2123,1760,2191,1630,1502,3603,1490,1691,1749,1595,2071,2046,1932,1923,1878,2166,2168,2042,1921,1291,1572,1743,1473,1547,1856,2061,1525,1876,1796,1657,1532,2158,2012,2238,1922,2453,2575,1810,1833
"283",283,1384,1824,1458,1910,1504,2204,2391,1643,1520,1590,1656,1486,2033,1689,2114,1606,1449,3486,1443,1622,1711,1535,1973,1960,1849,1839,1775,2053,2062,2012,1867,1261,1563,1675,1408,1528,1776,1994,1458,1781,1732,1587,1472,2108,1955,2198,1842,2395,2475,1748,1761.5
"284",284,1356,1765,1371,1836,1478,2081,2300,1551,1459,1515,1581,1430,1909,1619,2066,1559,1384,3328,1414,1561,1686,1486,1887,1902,1796,1782,1709,1980,1986,1962,1838,1214,1496,1627,1420,1470,1715,1936,1464,1725,1646,1528,1471,2000,1850,2082,1802,2243,2398,1677,1697.5
"285",285,1324,1722,1313,1798,1444,2009,2213,1516,1391,1467,1514,1397,1862,1595,1958,1495,1336,3175,1365,1529,1595,1428,1777,1811,1747,1723,1616,1937,1905,1907,1762,1180,1478,1605,1375,1449,1692,1875,1392,1678,1619,1485,1388,1942,1779,2068,1731,2167,2334,1596,1617.5
"286",286,1270,1681,1275,1741,1372,1941,2120,1466,1348,1377,1430,1354,1795,1536,1890,1455,1289,3060,1325,1453,1538,1414,1722,1776,1674,1728,1564,1886,1864,1779,1720,1106,1403,1550,1305,1425,1644,1811,1374,1654,1574,1439,1306,1874,1740,2026,1650,2086,2222,1550,1569
"287",287,1247,1619,1228,1679,1345,1872,2046,1396,1305,1351,1396,1325,1747,1464,1827,1382,1220,2952,1257,1381,1478,1347,1646,1671,1657,1698,1494,1837,1824,1695,1630,1078,1392,1445,1253,1379,1542,1727,1352,1585,1498,1385,1311,1792,1691,1953,1562,1980,2137,1499,1498.5
"288",288,1191,1546,1219,1614,1275,1789,1995,1305,1295,1323,1351,1314,1665,1381,1724,1353,1152,2835,1240,1354,1450,1315,1607,1645,1596,1660,1420,1760,1750,1634,1539,1032,1328,1374,1220,1322,1523,1628,1336,1521,1484,1325,1295,1735,1601,1827,1524,1904,2055,1413,1467
"289",289,1152,1495,1159,1557,1242,1695,1957,1264,1274,1286,1318,1238,1607,1323,1644,1289,1113,2750,1179,1297,1361,1287,1544,1576,1537,1587,1387,1727,1648,1566,1483,994,1295,1326,1183,1270,1445,1549,1262,1405,1469,1262,1211,1646,1518,1760,1496,1840,1996,1374,1396
"290",290,1092,1410,1135,1510,1193,1632,1917,1215,1235,1277,1310,1174,1545,1289,1563,1271,1079,2670,1152,1260,1306,1260,1453,1559,1523,1535,1366,1657,1580,1492,1425,963,1266,1290,1147,1210,1408,1542,1215,1344,1431,1194,1167,1600,1458,1718,1437,1821,1904,1305,1355
"291",291,1045,1375,1095,1445,1149,1542,1840,1167,1170,1233,1261,1178,1519,1250,1484,1207,1027,2603,1118,1225,1252,1236,1398,1458,1472,1457,1351,1640,1498,1465,1340,941,1212,1240,1072,1161,1379,1494,1163,1314,1373,1143,1135,1560,1428,1697,1399,1737,1836,1270,1327
"292",292,1014,1317,1060,1433,1132,1498,1771,1127,1110,1156,1217,1134,1490,1228,1437,1157,1009,2505,1068,1184,1204,1196,1351,1386,1399,1438,1274,1558,1431,1389,1302,879,1183,1178,1034,1117,1318,1419,1107,1266,1289,1114,1081,1510,1398,1625,1302,1677,1745,1216,1270
"293",293,999,1248,1054,1395,1079,1436,1682,1078,1082,1119,1162,1062,1436,1169,1369,1140,984,2463,1039,1143,1176,1119,1317,1349,1327,1387,1241,1494,1380,1370,1279,842,1125,1160,987,1085,1236,1391,1037,1243,1255,1102,1054,1450,1369,1552,1276,1601,1672,1174,1238.5
"294",294,979,1219,1001,1312,1047,1406,1653,1036,1065,1079,1125,1033,1338,1124,1291,1104,956,2360,985,1086,1141,1099,1276,1309,1282,1321,1178,1445,1322,1313,1256,812,1050,1138,949,1062,1203,1321,998,1207,1224,1083,1030,1413,1301,1480,1225,1536,1623,1118,1190.5
"295",295,919,1148,979,1299,1006,1343,1558,1011,1036,1048,1076,1014,1260,1105,1234,1065,929,2272,960,1077,1093,1080,1194,1268,1225,1288,1127,1421,1283,1268,1181,796,1006,1097,941,997,1146,1272,1012,1157,1181,1050,998,1329,1245,1402,1165,1424,1602,1097,1136.5
"296",296,892,1115,951,1220,983,1281,1495,985,987,1020,1033,945,1246,1018,1202,1032,863,2238,899,1055,1074,1058,1153,1181,1209,1240,1076,1366,1250,1245,1141,763,957,1056,922,942,1096,1214,980,1136,1154,1006,973,1246,1224,1374,1125,1378,1575,1075,1086
"297",297,833,1062,934,1187,946,1221,1460,952,943,999,984,923,1241,985,1136,991,846,2147,855,1032,1039,1025,1113,1175,1184,1155,1062,1332,1189,1187,1094,723,914,1020,936,921,1073,1176,955,1089,1088,958,939,1244,1177,1319,1078,1333,1516,1049,1062
"298",298,815,1058,913,1150,919,1181,1394,909,939,982,956,896,1180,953,1085,975,828,2124,825,1011,970,968,1065,1127,1134,1100,1023,1277,1165,1139,1045,719,877,981,919,927,1008,1114,917,1049,1071,938,908,1180,1141,1252,1066,1302,1459,1008,1017
"299",299,804,1029,896,1092,891,1170,1347,876,914,940,907,869,1135,920,1061,940,807,2031,813,960,918,930,1032,1078,1083,1054,983,1213,1130,1102,995,686,869,954,866,883,979,1103,892,989,1024,907,861,1121,1117,1189,1032,1264,1408,963,981
"300",300,759,984,860,1045,885,1097,1308,865,869,894,877,834,1099,874,1019,880,792,1968,770,926,915,917,977,1035,1037,1031,952,1145,1085,1059,965,681,820,938,834,873,959,1036,886,955,963,898,811,1096,1076,1150,1005,1200,1351,907,953.5
"301",301,717,966,851,996,849,1046,1248,846,854,856,861,816,1060,843,983,862,769,1914,739,874,901,887,944,1017,1022,965,911,1092,1045,1001,939,663,791,906,814,815,909,1044,858,916,944,855,763,1047,1056,1089,987,1115,1297,877,910
"302",302,706,937,806,937,838,1023,1217,805,824,830,837,794,1036,815,962,826,717,1816,722,844,867,836,918,975,966,933,887,1058,1001,960,909,645,762,874,783,786,906,993,816,861,912,806,762,1013,1015,1068,952,1077,1247,842,880.5
"303",303,692,924,766,881,812,1006,1130,787,799,803,812,741,996,793,910,799,692,1772,693,820,841,817,904,956,934,893,846,1029,971,931,881,633,725,840,744,749,874,960,786,846,881,781,733,982,987,1052,930,1032,1226,784,846
"304",304,652,899,767,877,780,948,1072,774,780,765,775,701,950,752,876,765,658,1709,636,795,806,786,884,918,904,846,799,997,925,887,864,619,695,813,744,711,875,912,742,808,839,745,711,946,948,1003,880,985,1177,769,810.5
"305",305,621,864,738,826,741,944,1006,738,752,736,726,675,907,704,816,712,629,1608,609,769,781,773,848,878,841,837,803,989,879,843,835,584,682,779,700,675,833,898,699,779,807,715,692,916,913,972,835,945,1155,733,792
"306",306,627,812,702,773,708,906,966,705,700,699,709,642,932,646,782,698,619,1551,590,742,741,754,790,828,816,807,768,931,860,841,794,546,678,777,686,666,803,869,678,735,765,671,670,850,867,930,808,943,1065,714,766.5
"307",307,610,792,699,751,676,853,926,682,687,681,684,626,914,619,754,671,636,1472,573,722,689,714,768,809,816,762,752,916,823,813,763,548,655,739,672,674,752,855,660,722,765,655,644,803,857,918,791,904,1033,713,745
"308",308,581,753,668,743,667,820,924,618,664,642,636,624,862,622,720,639,621,1382,527,695,686,677,746,784,797,742,703,899,783,803,727,533,621,715,644,640,717,798,654,696,728,633,621,797,815,852,771,857,995,692,709
"309",309,540,744,630,730,629,789,900,595,631,609,637,593,825,598,687,632,604,1305,522,671,640,632,720,732,768,748,686,837,773,778,707,520,599,676,626,602,701,781,626,660,710,609,614,755,821,790,759,841,957,682,684
"310",310,515,698,602,689,573,755,850,559,615,585,616,581,807,589,679,614,574,1289,487,660,615,599,713,711,741,723,670,799,752,751,680,490,583,660,600,570,658,751,611,613,691,564,573,736,784,764,730,805,937,645,660
"311",311,491,643,584,656,568,754,795,554,610,555,614,567,750,590,668,615,548,1258,461,631,592,566,657,700,702,694,653,766,715,721,674,467,587,631,595,575,626,736,587,594,652,557,524,715,737,725,704,783,915,610,631
"312",312,455,631,559,665,563,721,764,555,593,530,580,549,706,565,664,608,515,1209,462,599,556,520,641,699,667,659,608,734,703,679,639,443,558,614,587,566,583,695,588,595,625,535,521,714,696,717,675,725,850,577,608
"313",313,447,613,537,650,533,711,722,521,546,505,550,519,686,555,615,562,487,1153,446,595,550,524,612,660,662,616,587,706,663,659,611,412,541,591,565,543,566,664,563,575,623,521,509,668,679,719,641,692,825,547,589
"314",314,432,570,505,610,523,704,707,511,548,480,528,490,654,527,604,545,476,1141,427,576,542,525,576,637,625,596,591,707,629,649,598,376,535,557,564,534,567,617,538,533,602,524,479,662,661,674,623,652,814,513,568.5
"315",315,430,556,478,584,514,668,676,478,537,481,501,467,623,507,579,518,458,1103,409,558,548,512,523,607,611,571,572,705,600,601,575,365,512,552,543,531,540,607,515,532,555,492,455,655,642,642,589,649,808,503,550
"316",316,427,528,458,540,496,667,647,453,530,464,473,456,592,502,533,495,434,1077,391,549,525,491,503,587,586,565,560,666,577,589,541,360,483,540,514,491,532,597,514,494,546,467,452,648,589,608,574,615,751,477,531
"317",317,422,495,462,512,476,674,603,429,487,452,470,437,578,466,500,469,434,1040,391,536,505,496,485,571,541,565,531,630,563,561,516,359,466,520,494,471,521,583,485,462,541,448,441,615,572,616,540,589,698,476,502.5
"318",318,390,474,446,527,465,647,590,415,459,465,461,415,570,448,487,460,427,994,377,512,471,465,461,526,516,524,506,617,543,550,508,375,452,506,468,464,502,534,471,458,543,442,441,577,546,593,524,564,686,458,480.5
"319",319,383,470,442,520,448,626,595,409,445,436,444,408,551,429,484,440,409,939,387,476,452,468,455,514,489,517,482,576,522,540,480,373,440,490,463,444,481,497,458,445,536,443,428,575,538,564,517,562,641,439,473
"320",320,374,457,409,494,421,601,573,418,430,425,447,382,515,412,459,417,415,889,361,461,426,466,439,476,478,508,469,549,496,545,477,348,433,479,450,443,469,486,429,424,508,435,416,556,505,564,507,529,616,418,460
"321",321,361,422,395,457,410,575,558,405,419,393,420,358,476,388,445,414,397,827,346,437,413,471,423,481,472,460,473,549,485,520,461,328,415,452,458,402,428,437,412,434,490,399,404,553,491,527,499,508,592,410,437
